"","weekdate","conf_cases","median","threshold"
"1",1986-01-01,0,NA,NA
"2",1986-01-08,1,NA,NA
"3",1986-01-15,1,NA,NA
"4",1986-01-22,0,NA,NA
"5",1986-01-29,0,NA,NA
"6",1986-02-05,0,NA,NA
"7",1986-02-12,0,NA,NA
"8",1986-02-19,0,NA,NA
"9",1986-02-26,0,NA,NA
"10",1986-03-05,0,NA,NA
"11",1986-03-12,1,NA,NA
"12",1986-03-19,0,NA,NA
"13",1986-03-26,0,NA,NA
"14",1986-04-02,1,NA,NA
"15",1986-04-09,0,NA,NA
"16",1986-04-16,0,NA,NA
"17",1986-04-23,0,NA,NA
"18",1986-04-30,0,NA,NA
"19",1986-05-07,1,NA,NA
"20",1986-05-14,1,NA,NA
"21",1986-05-21,0,NA,NA
"22",1986-05-28,0,NA,NA
"23",1986-06-04,0,NA,NA
"24",1986-06-11,0,NA,NA
"25",1986-06-18,1,NA,NA
"26",1986-06-25,1,NA,NA
"27",1986-07-02,3,NA,NA
"28",1986-07-09,2,NA,NA
"29",1986-07-16,2,NA,NA
"30",1986-07-23,1,NA,NA
"31",1986-07-30,1,NA,NA
"32",1986-08-06,2,NA,NA
"33",1986-08-13,1,NA,NA
"34",1986-08-20,4,NA,NA
"35",1986-08-27,5,NA,NA
"36",1986-09-03,11,NA,NA
"37",1986-09-10,17,NA,NA
"38",1986-09-17,16,NA,NA
"39",1986-09-24,8,NA,NA
"40",1986-10-01,8,NA,NA
"41",1986-10-08,18,NA,NA
"42",1986-10-15,12,NA,NA
"43",1986-10-22,1,NA,NA
"44",1986-10-29,0,NA,NA
"45",1986-11-05,0,NA,NA
"46",1986-11-12,0,NA,NA
"47",1986-11-19,2,NA,NA
"48",1986-11-26,2,NA,NA
"49",1986-12-03,3,NA,NA
"50",1986-12-10,4,NA,NA
"51",1986-12-17,1,NA,NA
"52",1986-12-24,0,NA,NA
"53",1987-01-01,5,NA,NA
"54",1987-01-08,7,NA,NA
"55",1987-01-15,14,NA,NA
"56",1987-01-22,12,NA,NA
"57",1987-01-29,3,NA,NA
"58",1987-02-05,9,NA,NA
"59",1987-02-12,8,NA,NA
"60",1987-02-19,3,NA,NA
"61",1987-02-26,5,NA,NA
"62",1987-03-05,7,NA,NA
"63",1987-03-12,2,NA,NA
"64",1987-03-19,2,NA,NA
"65",1987-03-26,1,NA,NA
"66",1987-04-02,7,NA,NA
"67",1987-04-09,3,NA,NA
"68",1987-04-16,0,NA,NA
"69",1987-04-23,0,NA,NA
"70",1987-04-30,1,NA,NA
"71",1987-05-07,4,NA,NA
"72",1987-05-14,1,NA,NA
"73",1987-05-21,3,NA,NA
"74",1987-05-28,3,NA,NA
"75",1987-06-04,3,NA,NA
"76",1987-06-11,3,NA,NA
"77",1987-06-18,4,NA,NA
"78",1987-06-25,6,NA,NA
"79",1987-07-02,11,NA,NA
"80",1987-07-09,10,NA,NA
"81",1987-07-16,8,NA,NA
"82",1987-07-23,10,NA,NA
"83",1987-07-30,17,NA,NA
"84",1987-08-06,13,NA,NA
"85",1987-08-13,14,NA,NA
"86",1987-08-20,6,NA,NA
"87",1987-08-27,10,NA,NA
"88",1987-09-03,4,NA,NA
"89",1987-09-10,4,NA,NA
"90",1987-09-17,3,NA,NA
"91",1987-09-24,2,NA,NA
"92",1987-10-01,2,NA,NA
"93",1987-10-08,2,NA,NA
"94",1987-10-15,4,NA,NA
"95",1987-10-22,4,NA,NA
"96",1987-10-29,2,NA,NA
"97",1987-11-05,2,NA,NA
"98",1987-11-12,2,NA,NA
"99",1987-11-19,1,NA,NA
"100",1987-11-26,1,NA,NA
"101",1987-12-03,2,NA,NA
"102",1987-12-10,1,NA,NA
"103",1987-12-17,1,NA,NA
"104",1987-12-24,2,NA,NA
"105",1988-01-01,2,NA,NA
"106",1988-01-08,4,NA,NA
"107",1988-01-15,1,NA,NA
"108",1988-01-22,3,NA,NA
"109",1988-01-29,2,NA,NA
"110",1988-02-05,2,NA,NA
"111",1988-02-12,2,NA,NA
"112",1988-02-19,1,NA,NA
"113",1988-02-26,3,NA,NA
"114",1988-03-04,2,NA,NA
"115",1988-03-11,2,NA,NA
"116",1988-03-18,5,NA,NA
"117",1988-03-25,3,NA,NA
"118",1988-04-01,3,NA,NA
"119",1988-04-08,3,NA,NA
"120",1988-04-15,4,NA,NA
"121",1988-04-22,4,NA,NA
"122",1988-04-29,6,NA,NA
"123",1988-05-06,14,NA,NA
"124",1988-05-13,13,NA,NA
"125",1988-05-20,10,NA,NA
"126",1988-05-27,9,NA,NA
"127",1988-06-03,12,NA,NA
"128",1988-06-10,10,NA,NA
"129",1988-06-17,4,NA,NA
"130",1988-06-24,6,NA,NA
"131",1988-07-01,7,NA,NA
"132",1988-07-08,6,NA,NA
"133",1988-07-15,14,NA,NA
"134",1988-07-22,17,NA,NA
"135",1988-07-29,15,NA,NA
"136",1988-08-05,14,NA,NA
"137",1988-08-12,29,NA,NA
"138",1988-08-19,18,NA,NA
"139",1988-08-26,24,NA,NA
"140",1988-09-02,23,NA,NA
"141",1988-09-09,73,NA,NA
"142",1988-09-16,57,NA,NA
"143",1988-09-23,44,NA,NA
"144",1988-09-30,60,NA,NA
"145",1988-10-07,58,NA,NA
"146",1988-10-14,74,NA,NA
"147",1988-10-21,63,NA,NA
"148",1988-10-28,72,NA,NA
"149",1988-11-04,74,NA,NA
"150",1988-11-11,74,NA,NA
"151",1988-11-18,79,NA,NA
"152",1988-11-25,76,NA,NA
"153",1988-12-02,64,NA,NA
"154",1988-12-09,56,NA,NA
"155",1988-12-16,34,NA,NA
"156",1988-12-23,27,NA,NA
"157",1989-01-01,23,NA,NA
"158",1989-01-08,18,NA,NA
"159",1989-01-15,18,NA,NA
"160",1989-01-22,21,NA,NA
"161",1989-01-29,20,NA,NA
"162",1989-02-05,12,NA,NA
"163",1989-02-12,15,NA,NA
"164",1989-02-19,11,NA,NA
"165",1989-02-26,11,NA,NA
"166",1989-03-05,8,NA,NA
"167",1989-03-12,8,NA,NA
"168",1989-03-19,3,NA,NA
"169",1989-03-26,4,NA,NA
"170",1989-04-02,6,NA,NA
"171",1989-04-09,6,NA,NA
"172",1989-04-16,8,NA,NA
"173",1989-04-23,7,NA,NA
"174",1989-04-30,8,NA,NA
"175",1989-05-07,4,NA,NA
"176",1989-05-14,7,NA,NA
"177",1989-05-21,6,NA,NA
"178",1989-05-28,6,NA,NA
"179",1989-06-04,11,NA,NA
"180",1989-06-11,9,NA,NA
"181",1989-06-18,6,NA,NA
"182",1989-06-25,8,NA,NA
"183",1989-07-02,14,NA,NA
"184",1989-07-09,11,NA,NA
"185",1989-07-16,6,NA,NA
"186",1989-07-23,6,NA,NA
"187",1989-07-30,27,NA,NA
"188",1989-08-06,32,NA,NA
"189",1989-08-13,44,NA,NA
"190",1989-08-20,44,NA,NA
"191",1989-08-27,54,NA,NA
"192",1989-09-03,71,NA,NA
"193",1989-09-10,59,NA,NA
"194",1989-09-17,36,NA,NA
"195",1989-09-24,60,NA,NA
"196",1989-10-01,63,NA,NA
"197",1989-10-08,77,NA,NA
"198",1989-10-15,116,NA,NA
"199",1989-10-22,91,NA,NA
"200",1989-10-29,87,NA,NA
"201",1989-11-05,79,NA,NA
"202",1989-11-12,86,NA,NA
"203",1989-11-19,86,NA,NA
"204",1989-11-26,105,NA,NA
"205",1989-12-03,120,NA,NA
"206",1989-12-10,95,NA,NA
"207",1989-12-17,59,NA,NA
"208",1989-12-24,55,NA,NA
"209",1990-01-01,58,NA,NA
"210",1990-01-08,45,NA,NA
"211",1990-01-15,48,NA,NA
"212",1990-01-22,43,NA,NA
"213",1990-01-29,36,NA,NA
"214",1990-02-05,33,NA,NA
"215",1990-02-12,20,NA,NA
"216",1990-02-19,15,NA,NA
"217",1990-02-26,18,NA,NA
"218",1990-03-05,13,NA,NA
"219",1990-03-12,19,NA,NA
"220",1990-03-19,21,NA,NA
"221",1990-03-26,13,NA,NA
"222",1990-04-02,19,NA,NA
"223",1990-04-09,3,NA,NA
"224",1990-04-16,9,NA,NA
"225",1990-04-23,1,NA,NA
"226",1990-04-30,5,NA,NA
"227",1990-05-07,5,NA,NA
"228",1990-05-14,5,NA,NA
"229",1990-05-21,3,NA,NA
"230",1990-05-28,7,NA,NA
"231",1990-06-04,2,NA,NA
"232",1990-06-11,4,NA,NA
"233",1990-06-18,6,NA,NA
"234",1990-06-25,12,NA,NA
"235",1990-07-02,5,NA,NA
"236",1990-07-09,10,NA,NA
"237",1990-07-16,5,NA,NA
"238",1990-07-23,8,NA,NA
"239",1990-07-30,21,NA,NA
"240",1990-08-06,41,NA,NA
"241",1990-08-13,43,NA,NA
"242",1990-08-20,47,NA,NA
"243",1990-08-27,46,NA,NA
"244",1990-09-03,50,NA,NA
"245",1990-09-10,55,NA,NA
"246",1990-09-17,69,NA,NA
"247",1990-09-24,56,NA,NA
"248",1990-10-01,69,NA,NA
"249",1990-10-08,70,NA,NA
"250",1990-10-15,83,NA,NA
"251",1990-10-22,71,NA,NA
"252",1990-10-29,91,NA,NA
"253",1990-11-05,135,NA,NA
"254",1990-11-12,84,NA,NA
"255",1990-11-19,91,NA,NA
"256",1990-11-26,100,NA,NA
"257",1990-12-03,96,NA,NA
"258",1990-12-10,64,NA,NA
"259",1990-12-17,53,NA,NA
"260",1990-12-24,42,NA,NA
"261",1991-01-01,34,NA,NA
"262",1991-01-08,38,NA,NA
"263",1991-01-15,42,NA,NA
"264",1991-01-22,34,NA,NA
"265",1991-01-29,44,NA,NA
"266",1991-02-05,24,NA,NA
"267",1991-02-12,21,NA,NA
"268",1991-02-19,25,NA,NA
"269",1991-02-26,20,NA,NA
"270",1991-03-05,22,NA,NA
"271",1991-03-12,23,NA,NA
"272",1991-03-19,19,NA,NA
"273",1991-03-26,21,NA,NA
"274",1991-04-02,20,NA,NA
"275",1991-04-09,15,NA,NA
"276",1991-04-16,26,NA,NA
"277",1991-04-23,16,NA,NA
"278",1991-04-30,19,NA,NA
"279",1991-05-07,15,NA,NA
"280",1991-05-14,17,NA,NA
"281",1991-05-21,14,NA,NA
"282",1991-05-28,17,NA,NA
"283",1991-06-04,22,NA,NA
"284",1991-06-11,22,NA,NA
"285",1991-06-18,16,NA,NA
"286",1991-06-25,18,NA,NA
"287",1991-07-02,20,NA,NA
"288",1991-07-09,18,NA,NA
"289",1991-07-16,22,NA,NA
"290",1991-07-23,25,NA,NA
"291",1991-07-30,34,NA,NA
"292",1991-08-06,68,NA,NA
"293",1991-08-13,73,NA,NA
"294",1991-08-20,86,NA,NA
"295",1991-08-27,82,NA,NA
"296",1991-09-03,80,NA,NA
"297",1991-09-10,80,NA,NA
"298",1991-09-17,109,NA,NA
"299",1991-09-24,119,NA,NA
"300",1991-10-01,172,NA,NA
"301",1991-10-08,137,NA,NA
"302",1991-10-15,178,NA,NA
"303",1991-10-22,164,NA,NA
"304",1991-10-29,172,NA,NA
"305",1991-11-05,179,NA,NA
"306",1991-11-12,160,NA,NA
"307",1991-11-19,172,NA,NA
"308",1991-11-26,203,NA,NA
"309",1991-12-03,183,NA,NA
"310",1991-12-10,130,NA,NA
"311",1991-12-17,88,NA,NA
"312",1991-12-24,80,NA,NA
"313",1992-01-01,74,NA,NA
"314",1992-01-08,111,NA,NA
"315",1992-01-15,106,NA,NA
"316",1992-01-22,104,NA,NA
"317",1992-01-29,59,NA,NA
"318",1992-02-05,55,NA,NA
"319",1992-02-12,67,NA,NA
"320",1992-02-19,45,NA,NA
"321",1992-02-26,48,NA,NA
"322",1992-03-04,75,NA,NA
"323",1992-03-11,50,NA,NA
"324",1992-03-18,43,NA,NA
"325",1992-03-25,33,NA,NA
"326",1992-04-01,34,NA,NA
"327",1992-04-08,35,NA,NA
"328",1992-04-15,34,NA,NA
"329",1992-04-22,34,NA,NA
"330",1992-04-29,36,NA,NA
"331",1992-05-06,35,NA,NA
"332",1992-05-13,34,NA,NA
"333",1992-05-20,33,NA,NA
"334",1992-05-27,36,NA,NA
"335",1992-06-03,30,NA,NA
"336",1992-06-10,42,NA,NA
"337",1992-06-17,53,NA,NA
"338",1992-06-24,46,NA,NA
"339",1992-07-01,58,NA,NA
"340",1992-07-08,53,NA,NA
"341",1992-07-15,55,NA,NA
"342",1992-07-22,66,NA,NA
"343",1992-07-29,76,NA,NA
"344",1992-08-05,76,NA,NA
"345",1992-08-12,61,NA,NA
"346",1992-08-19,106,NA,NA
"347",1992-08-26,97,NA,NA
"348",1992-09-02,98,NA,NA
"349",1992-09-09,94,NA,NA
"350",1992-09-16,100,NA,NA
"351",1992-09-23,86,NA,NA
"352",1992-09-30,85,NA,NA
"353",1992-10-07,81,NA,NA
"354",1992-10-14,108,NA,NA
"355",1992-10-21,91,NA,NA
"356",1992-10-28,87,NA,NA
"357",1992-11-04,107,NA,NA
"358",1992-11-11,77,NA,NA
"359",1992-11-18,67,NA,NA
"360",1992-11-25,95,NA,NA
"361",1992-12-02,92,NA,NA
"362",1992-12-09,76,NA,NA
"363",1992-12-16,79,NA,NA
"364",1992-12-23,71,NA,NA
"365",1993-01-01,65,NA,NA
"366",1993-01-08,67,NA,NA
"367",1993-01-15,58,NA,NA
"368",1993-01-22,62,NA,NA
"369",1993-01-29,66,NA,NA
"370",1993-02-05,70,NA,NA
"371",1993-02-12,50,NA,NA
"372",1993-02-19,31,NA,NA
"373",1993-02-26,25,NA,NA
"374",1993-03-05,32,NA,NA
"375",1993-03-12,31,NA,NA
"376",1993-03-19,21,NA,NA
"377",1993-03-26,15,NA,NA
"378",1993-04-02,15,NA,NA
"379",1993-04-09,10,NA,NA
"380",1993-04-16,17,NA,NA
"381",1993-04-23,16,NA,NA
"382",1993-04-30,20,NA,NA
"383",1993-05-07,27,NA,NA
"384",1993-05-14,14,NA,NA
"385",1993-05-21,15,NA,NA
"386",1993-05-28,28,NA,NA
"387",1993-06-04,36,NA,NA
"388",1993-06-11,15,NA,NA
"389",1993-06-18,25,NA,NA
"390",1993-06-25,22,NA,NA
"391",1993-07-02,35,NA,NA
"392",1993-07-09,29,NA,NA
"393",1993-07-16,30,NA,NA
"394",1993-07-23,40,NA,NA
"395",1993-07-30,37,NA,NA
"396",1993-08-06,26,NA,NA
"397",1993-08-13,39,NA,NA
"398",1993-08-20,40,NA,NA
"399",1993-08-27,23,NA,NA
"400",1993-09-03,40,NA,NA
"401",1993-09-10,44,NA,NA
"402",1993-09-17,38,NA,NA
"403",1993-09-24,35,NA,NA
"404",1993-10-01,49,NA,NA
"405",1993-10-08,44,NA,NA
"406",1993-10-15,57,NA,NA
"407",1993-10-22,69,NA,NA
"408",1993-10-29,75,NA,NA
"409",1993-11-05,76,NA,NA
"410",1993-11-12,79,NA,NA
"411",1993-11-19,59,NA,NA
"412",1993-11-26,49,NA,NA
"413",1993-12-03,64,NA,NA
"414",1993-12-10,39,NA,NA
"415",1993-12-17,53,NA,NA
"416",1993-12-24,44,NA,NA
"417",1994-01-01,32,NA,NA
"418",1994-01-08,47,NA,NA
"419",1994-01-15,39,NA,NA
"420",1994-01-22,51,NA,NA
"421",1994-01-29,51,NA,NA
"422",1994-02-05,48,NA,NA
"423",1994-02-12,34,NA,NA
"424",1994-02-19,41,NA,NA
"425",1994-02-26,45,NA,NA
"426",1994-03-05,37,NA,NA
"427",1994-03-12,34,NA,NA
"428",1994-03-19,33,NA,NA
"429",1994-03-26,21,NA,NA
"430",1994-04-02,32,NA,NA
"431",1994-04-09,23,NA,NA
"432",1994-04-16,22,NA,NA
"433",1994-04-23,20,NA,NA
"434",1994-04-30,22,NA,NA
"435",1994-05-07,26,NA,NA
"436",1994-05-14,13,NA,NA
"437",1994-05-21,35,NA,NA
"438",1994-05-28,50,NA,NA
"439",1994-06-04,49,NA,NA
"440",1994-06-11,56,NA,NA
"441",1994-06-18,61,NA,NA
"442",1994-06-25,102,NA,NA
"443",1994-07-02,132,NA,NA
"444",1994-07-09,109,NA,NA
"445",1994-07-16,107,NA,NA
"446",1994-07-23,124,NA,NA
"447",1994-07-30,165,NA,NA
"448",1994-08-06,139,NA,NA
"449",1994-08-13,133,NA,NA
"450",1994-08-20,170,NA,NA
"451",1994-08-27,144,NA,NA
"452",1994-09-03,197,NA,NA
"453",1994-09-10,142,NA,NA
"454",1994-09-17,187,NA,NA
"455",1994-09-24,208,NA,NA
"456",1994-10-01,214,NA,NA
"457",1994-10-08,252,NA,NA
"458",1994-10-15,292,NA,NA
"459",1994-10-22,222,NA,NA
"460",1994-10-29,169,NA,NA
"461",1994-11-05,165,NA,NA
"462",1994-11-12,141,NA,NA
"463",1994-11-19,214,NA,NA
"464",1994-11-26,202,NA,NA
"465",1994-12-03,184,NA,NA
"466",1994-12-10,150,NA,NA
"467",1994-12-17,115,NA,NA
"468",1994-12-24,111,NA,NA
"469",1995-01-01,115,NA,NA
"470",1995-01-08,95,NA,NA
"471",1995-01-15,98,NA,NA
"472",1995-01-22,92,NA,NA
"473",1995-01-29,56,NA,NA
"474",1995-02-05,57,NA,NA
"475",1995-02-12,39,NA,NA
"476",1995-02-19,31,NA,NA
"477",1995-02-26,21,NA,NA
"478",1995-03-05,35,NA,NA
"479",1995-03-12,13,NA,NA
"480",1995-03-19,27,NA,NA
"481",1995-03-26,23,NA,NA
"482",1995-04-02,20,NA,NA
"483",1995-04-09,21,NA,NA
"484",1995-04-16,10,NA,NA
"485",1995-04-23,8,NA,NA
"486",1995-04-30,10,NA,NA
"487",1995-05-07,10,NA,NA
"488",1995-05-14,9,NA,NA
"489",1995-05-21,13,NA,NA
"490",1995-05-28,13,NA,NA
"491",1995-06-04,28,NA,NA
"492",1995-06-11,21,NA,NA
"493",1995-06-18,38,NA,NA
"494",1995-06-25,45,NA,NA
"495",1995-07-02,30,NA,NA
"496",1995-07-09,27,NA,NA
"497",1995-07-16,32,NA,NA
"498",1995-07-23,30,NA,NA
"499",1995-07-30,52,NA,NA
"500",1995-08-06,59,NA,NA
"501",1995-08-13,57,NA,NA
"502",1995-08-20,47,NA,NA
"503",1995-08-27,37,NA,NA
"504",1995-09-03,43,NA,NA
"505",1995-09-10,62,NA,NA
"506",1995-09-17,56,NA,NA
"507",1995-09-24,47,NA,NA
"508",1995-10-01,57,NA,NA
"509",1995-10-08,48,NA,NA
"510",1995-10-15,53,NA,NA
"511",1995-10-22,63,NA,NA
"512",1995-10-29,68,NA,NA
"513",1995-11-05,58,NA,NA
"514",1995-11-12,43,NA,NA
"515",1995-11-19,50,NA,NA
"516",1995-11-26,38,NA,NA
"517",1995-12-03,33,NA,NA
"518",1995-12-10,27,NA,NA
"519",1995-12-17,26,NA,NA
"520",1995-12-24,27,NA,NA
"521",1996-01-01,34,NA,NA
"522",1996-01-08,25,NA,NA
"523",1996-01-15,40,NA,NA
"524",1996-01-22,26,NA,NA
"525",1996-01-29,35,NA,NA
"526",1996-02-05,34,NA,NA
"527",1996-02-12,24,NA,NA
"528",1996-02-19,21,NA,NA
"529",1996-02-26,26,NA,NA
"530",1996-03-04,24,NA,NA
"531",1996-03-11,19,NA,NA
"532",1996-03-18,12,NA,NA
"533",1996-03-25,20,NA,NA
"534",1996-04-01,11,NA,NA
"535",1996-04-08,17,NA,NA
"536",1996-04-15,15,NA,NA
"537",1996-04-22,10,NA,NA
"538",1996-04-29,8,NA,NA
"539",1996-05-06,9,NA,NA
"540",1996-05-13,6,NA,NA
"541",1996-05-20,4,NA,NA
"542",1996-05-27,13,NA,NA
"543",1996-06-03,2,NA,NA
"544",1996-06-10,8,NA,NA
"545",1996-06-17,9,NA,NA
"546",1996-06-24,14,NA,NA
"547",1996-07-01,19,NA,NA
"548",1996-07-08,22,NA,NA
"549",1996-07-15,20,NA,NA
"550",1996-07-22,30,NA,NA
"551",1996-07-29,36,NA,NA
"552",1996-08-05,34,NA,NA
"553",1996-08-12,50,NA,NA
"554",1996-08-19,56,NA,NA
"555",1996-08-26,53,NA,NA
"556",1996-09-02,41,NA,NA
"557",1996-09-09,56,NA,NA
"558",1996-09-16,68,NA,NA
"559",1996-09-23,64,NA,NA
"560",1996-09-30,56,NA,NA
"561",1996-10-07,66,NA,NA
"562",1996-10-14,60,NA,NA
"563",1996-10-21,61,NA,NA
"564",1996-10-28,90,NA,NA
"565",1996-11-04,77,NA,NA
"566",1996-11-11,69,NA,NA
"567",1996-11-18,72,NA,NA
"568",1996-11-25,76,NA,NA
"569",1996-12-02,50,NA,NA
"570",1996-12-09,68,NA,NA
"571",1996-12-16,60,NA,NA
"572",1996-12-23,50,NA,NA
"573",1997-01-01,40,NA,NA
"574",1997-01-08,45,NA,NA
"575",1997-01-15,59,NA,NA
"576",1997-01-22,35,NA,NA
"577",1997-01-29,46,NA,NA
"578",1997-02-05,30,NA,NA
"579",1997-02-12,28,NA,NA
"580",1997-02-19,29,NA,NA
"581",1997-02-26,28,NA,NA
"582",1997-03-05,23,NA,NA
"583",1997-03-12,16,NA,NA
"584",1997-03-19,13,NA,NA
"585",1997-03-26,16,NA,NA
"586",1997-04-02,14,NA,NA
"587",1997-04-09,12,NA,NA
"588",1997-04-16,22,NA,NA
"589",1997-04-23,16,NA,NA
"590",1997-04-30,11,NA,NA
"591",1997-05-07,13,NA,NA
"592",1997-05-14,15,NA,NA
"593",1997-05-21,6,NA,NA
"594",1997-05-28,10,NA,NA
"595",1997-06-04,16,NA,NA
"596",1997-06-11,10,NA,NA
"597",1997-06-18,12,NA,NA
"598",1997-06-25,16,NA,NA
"599",1997-07-02,15,NA,NA
"600",1997-07-09,16,NA,NA
"601",1997-07-16,15,NA,NA
"602",1997-07-23,10,NA,NA
"603",1997-07-30,37,NA,NA
"604",1997-08-06,30,NA,NA
"605",1997-08-13,32,NA,NA
"606",1997-08-20,53,NA,NA
"607",1997-08-27,60,NA,NA
"608",1997-09-03,93,NA,NA
"609",1997-09-10,80,NA,NA
"610",1997-09-17,64,NA,NA
"611",1997-09-24,63,NA,NA
"612",1997-10-01,64,NA,NA
"613",1997-10-08,88,NA,NA
"614",1997-10-15,87,NA,NA
"615",1997-10-22,127,NA,NA
"616",1997-10-29,135,NA,NA
"617",1997-11-05,103,NA,NA
"618",1997-11-12,75,NA,NA
"619",1997-11-19,71,NA,NA
"620",1997-11-26,77,NA,NA
"621",1997-12-03,84,NA,NA
"622",1997-12-10,100,NA,NA
"623",1997-12-17,92,NA,NA
"624",1997-12-24,92,NA,NA
"625",1998-01-01,93,NA,NA
"626",1998-01-08,94,NA,NA
"627",1998-01-15,97,NA,NA
"628",1998-01-22,79,NA,NA
"629",1998-01-29,100,NA,NA
"630",1998-02-05,117,NA,NA
"631",1998-02-12,124,NA,NA
"632",1998-02-19,99,NA,NA
"633",1998-02-26,81,NA,NA
"634",1998-03-05,106,NA,NA
"635",1998-03-12,71,NA,NA
"636",1998-03-19,76,NA,NA
"637",1998-03-26,67,NA,NA
"638",1998-04-02,64,NA,NA
"639",1998-04-09,64,NA,NA
"640",1998-04-16,50,NA,NA
"641",1998-04-23,67,NA,NA
"642",1998-04-30,68,NA,NA
"643",1998-05-07,66,NA,NA
"644",1998-05-14,71,NA,NA
"645",1998-05-21,75,NA,NA
"646",1998-05-28,83,NA,NA
"647",1998-06-04,97,NA,NA
"648",1998-06-11,118,NA,NA
"649",1998-06-18,131,NA,NA
"650",1998-06-25,153,NA,NA
"651",1998-07-02,188,NA,NA
"652",1998-07-09,192,NA,NA
"653",1998-07-16,177,NA,NA
"654",1998-07-23,233,NA,NA
"655",1998-07-30,283,NA,NA
"656",1998-08-06,236,NA,NA
"657",1998-08-13,212,NA,NA
"658",1998-08-20,161,NA,NA
"659",1998-08-27,149,NA,NA
"660",1998-09-03,97,NA,NA
"661",1998-09-10,39,NA,NA
"662",1998-09-17,46,NA,NA
"663",1998-09-24,65,NA,NA
"664",1998-10-01,80,NA,NA
"665",1998-10-08,99,NA,NA
"666",1998-10-15,84,NA,NA
"667",1998-10-22,70,NA,NA
"668",1998-10-29,76,NA,NA
"669",1998-11-05,59,NA,NA
"670",1998-11-12,70,NA,NA
"671",1998-11-19,77,NA,NA
"672",1998-11-26,92,NA,NA
"673",1998-12-03,67,NA,NA
"674",1998-12-10,71,NA,NA
"675",1998-12-17,80,NA,NA
"676",1998-12-24,65,NA,NA
"677",1999-01-01,60,NA,NA
"678",1999-01-08,57,NA,NA
"679",1999-01-15,67,NA,NA
"680",1999-01-22,79,NA,NA
"681",1999-01-29,52,NA,NA
"682",1999-02-05,52,NA,NA
"683",1999-02-12,47,NA,NA
"684",1999-02-19,35,NA,NA
"685",1999-02-26,41,NA,NA
"686",1999-03-05,43,NA,NA
"687",1999-03-12,30,NA,NA
"688",1999-03-19,13,NA,NA
"689",1999-03-26,16,NA,NA
"690",1999-04-02,24,NA,NA
"691",1999-04-09,10,NA,NA
"692",1999-04-16,16,NA,NA
"693",1999-04-23,21,NA,NA
"694",1999-04-30,14,NA,NA
"695",1999-05-07,11,NA,NA
"696",1999-05-14,14,NA,NA
"697",1999-05-21,24,NA,NA
"698",1999-05-28,16,NA,NA
"699",1999-06-04,12,NA,NA
"700",1999-06-11,16,NA,NA
"701",1999-06-18,14,NA,NA
"702",1999-06-25,10,NA,NA
"703",1999-07-02,22,NA,NA
"704",1999-07-09,17,NA,NA
"705",1999-07-16,19,NA,NA
"706",1999-07-23,17,NA,NA
"707",1999-07-30,31,NA,NA
"708",1999-08-06,31,NA,NA
"709",1999-08-13,41,NA,NA
"710",1999-08-20,47,NA,NA
"711",1999-08-27,27,NA,NA
"712",1999-09-03,25,NA,NA
"713",1999-09-10,51,NA,NA
"714",1999-09-17,65,NA,NA
"715",1999-09-24,66,NA,NA
"716",1999-10-01,54,NA,NA
"717",1999-10-08,59,NA,NA
"718",1999-10-15,38,NA,NA
"719",1999-10-22,51,NA,NA
"720",1999-10-29,71,NA,NA
"721",1999-11-05,50,NA,NA
"722",1999-11-12,46,NA,NA
"723",1999-11-19,49,NA,NA
"724",1999-11-26,43,NA,NA
"725",1999-12-03,50,NA,NA
"726",1999-12-10,32,NA,NA
"727",1999-12-17,26,NA,NA
"728",1999-12-24,25,NA,NA
"729",2000-01-01,20,42.3055555555556,68.3888888888889
"730",2000-01-08,20,39.1111111111111,63.9166666666667
"731",2000-01-15,26,36.25,60.2222222222222
"732",2000-01-22,20,33.5833333333333,56.8611111111111
"733",2000-01-29,24,31.0833333333333,53.7222222222222
"734",2000-02-05,10,28.3611111111111,50.6944444444444
"735",2000-02-12,9,25.9444444444444,47.0277777777778
"736",2000-02-19,9,23.4166666666667,43.1388888888889
"737",2000-02-26,8,21.1944444444444,39.6388888888889
"738",2000-03-04,4,19.1666666666667,36.5833333333333
"739",2000-03-11,5,17.2222222222222,33.6111111111111
"740",2000-03-18,8,15.7222222222222,30.7222222222222
"741",2000-03-25,3,14.5,28.3611111111111
"742",2000-04-01,1,13.5833333333333,26.6111111111111
"743",2000-04-08,4,12.6944444444444,25.0555555555556
"744",2000-04-15,4,12.0833333333333,23.9722222222222
"745",2000-04-22,3,11.7777777777778,23.5833333333333
"746",2000-04-29,3,11.8333333333333,23.75
"747",2000-05-06,2,12.0833333333333,24.3611111111111
"748",2000-05-13,2,12.4444444444444,25.3888888888889
"749",2000-05-20,0,13.1388888888889,27.2222222222222
"750",2000-05-27,4,14.2222222222222,29.8888888888889
"751",2000-06-03,4,15.5555555555556,33.0277777777778
"752",2000-06-10,2,17.0277777777778,36.4166666666667
"753",2000-06-17,5,18.7222222222222,40.3055555555556
"754",2000-06-24,5,20.9722222222222,45.0555555555556
"755",2000-07-01,9,23.5555555555556,50.0555555555556
"756",2000-07-08,2,26.25,54.8888888888889
"757",2000-07-15,9,29.3055555555556,60.0555555555556
"758",2000-07-22,4,32.7222222222222,65.4722222222222
"759",2000-07-29,7,36.4444444444444,70.7777777777778
"760",2000-08-05,13,39.8333333333333,74.7777777777778
"761",2000-08-12,7,42.9722222222222,78.1111111111111
"762",2000-08-19,14,45.7777777777778,80.9444444444444
"763",2000-08-26,6,48.1666666666667,83.1944444444444
"764",2000-09-02,8,50.3611111111111,85.4444444444444
"765",2000-09-09,10,52.4722222222222,88.0555555555555
"766",2000-09-16,10,54.5,91.6111111111111
"767",2000-09-23,8,57.0555555555556,95
"768",2000-09-30,17,60.25,98.1388888888889
"769",2000-10-07,22,63.5833333333333,100.222222222222
"770",2000-10-14,20,66.3055555555556,101.555555555556
"771",2000-10-21,33,68.1666666666667,101.666666666667
"772",2000-10-28,27,69.6944444444445,100.75
"773",2000-11-04,36,69.3611111111111,99.7222222222222
"774",2000-11-11,46,67.4166666666667,97.9166666666667
"775",2000-11-18,58,64.0833333333333,96.5277777777778
"776",2000-11-25,53,60.1666666666667,93.8055555555556
"777",2000-12-02,49,55.8333333333333,89.8055555555555
"778",2000-12-09,43,50.9166666666667,84.7777777777778
"779",2000-12-16,36,46.5277777777778,78.9722222222222
"780",2000-12-23,32,42.1666666666667,73.8333333333333
"781",2001-01-01,41,38.5277777777778,68.4722222222222
"782",2001-01-08,23,35.4444444444444,63.9722222222222
"783",2001-01-15,29,32.6666666666667,60.25
"784",2001-01-22,22,30.1111111111111,56.8333333333333
"785",2001-01-29,20,27.6666666666667,53.6388888888889
"786",2001-02-05,15,25.6388888888889,49.8888888888889
"787",2001-02-12,17,23.5555555555556,45.9722222222222
"788",2001-02-19,22,21.3611111111111,41.9166666666667
"789",2001-02-26,13,19.4444444444444,38.2222222222222
"790",2001-03-05,18,17.75,35
"791",2001-03-12,13,16.1944444444444,31.8611111111111
"792",2001-03-19,11,14.7777777777778,29.1666666666667
"793",2001-03-26,18,13.6111111111111,26.9444444444444
"794",2001-04-02,12,12.75,25.25
"795",2001-04-09,3,11.9722222222222,23.7777777777778
"796",2001-04-16,7,11.3611111111111,22.7222222222222
"797",2001-04-23,8,11.0555555555556,22.3055555555556
"798",2001-04-30,9,11.0555555555556,22.3888888888889
"799",2001-05-07,14,11.2222222222222,22.8888888888889
"800",2001-05-14,7,11.5,23.8333333333333
"801",2001-05-21,10,12.0833333333333,25.5
"802",2001-05-28,9,13.1666666666667,28
"803",2001-06-04,15,14.3888888888889,30.9444444444444
"804",2001-06-11,19,15.7777777777778,34.1388888888889
"805",2001-06-18,13,17.3888888888889,37.8055555555556
"806",2001-06-25,25,19.4722222222222,42.25
"807",2001-07-02,15,21.8611111111111,46.9722222222222
"808",2001-07-09,30,24.2777777777778,51.5
"809",2001-07-16,29,27.1388888888889,56.4166666666667
"810",2001-07-23,27,30.25,61.5833333333333
"811",2001-07-30,36,33.6111111111111,66.6944444444444
"812",2001-08-06,53,36.7222222222222,70.6388888888889
"813",2001-08-13,70,39.5555555555556,73.9444444444445
"814",2001-08-20,76,42.0833333333333,76.8333333333333
"815",2001-08-27,82,44.1666666666667,79.1111111111111
"816",2001-09-03,90,46.2222222222222,81.3888888888889
"817",2001-09-10,105,48.3055555555556,83.9722222222222
"818",2001-09-17,110,50.3611111111111,87.4166666666667
"819",2001-09-24,94,53,90.6944444444445
"820",2001-10-01,105,56.3611111111111,93.7222222222222
"821",2001-10-08,109,59.9444444444444,95.8333333333333
"822",2001-10-15,100,62.9444444444444,97.3055555555556
"823",2001-10-22,96,65.1666666666667,97.6944444444444
"824",2001-10-29,105,67.0277777777778,97.1111111111111
"825",2001-11-05,119,67.1388888888889,96.4722222222222
"826",2001-11-12,109,65.2777777777778,95.5
"827",2001-11-19,93,62.0277777777778,94.8333333333333
"828",2001-11-26,67,58.1388888888889,92.7777777777778
"829",2001-12-03,38,53.7222222222222,89.3888888888889
"830",2001-12-10,50,48.7222222222222,84.9722222222222
"831",2001-12-17,34,44.1111111111111,79.7222222222222
"832",2001-12-24,33,40.2222222222222,74.2222222222222
"833",2002-01-01,45,36.9722222222222,68.4722222222222
"834",2002-01-08,44,34.1944444444444,63.5555555555556
"835",2002-01-15,41,31.7222222222222,59.4166666666667
"836",2002-01-22,29,29.4166666666667,55.5833333333333
"837",2002-01-29,24,27.2777777777778,52
"838",2002-02-05,21,25.1666666666667,48.3333333333333
"839",2002-02-12,25,23.0555555555556,44.5555555555556
"840",2002-02-19,16,20.9166666666667,40.6666666666667
"841",2002-02-26,22,19.0555555555556,37.1388888888889
"842",2002-03-05,8,17.4444444444444,34.0555555555556
"843",2002-03-12,14,15.9444444444444,31.0277777777778
"844",2002-03-19,10,14.5833333333333,28.4166666666667
"845",2002-03-26,7,13.4444444444444,26.25
"846",2002-04-02,3,12.5833333333333,24.5833333333333
"847",2002-04-09,7,11.7777777777778,23.0833333333333
"848",2002-04-16,6,11.1944444444444,22.0277777777778
"849",2002-04-23,2,10.8888888888889,21.6388888888889
"850",2002-04-30,3,10.9166666666667,21.7777777777778
"851",2002-05-07,4,11.1111111111111,22.3611111111111
"852",2002-05-14,4,11.4166666666667,23.3611111111111
"853",2002-05-21,7,12.0833333333333,25.1388888888889
"854",2002-05-28,11,13.1388888888889,27.6666666666667
"855",2002-06-04,10,14.4166666666667,30.6111111111111
"856",2002-06-11,12,15.8055555555556,33.7777777777778
"857",2002-06-18,8,17.4166666666667,37.3611111111111
"858",2002-06-25,10,19.5,41.7222222222222
"859",2002-07-02,10,21.8611111111111,46.3333333333333
"860",2002-07-09,16,24.3611111111111,50.8888888888889
"861",2002-07-16,13,27.2777777777778,55.8611111111111
"862",2002-07-23,17,30.5277777777778,61.1388888888889
"863",2002-07-30,15,34.1111111111111,66.4722222222222
"864",2002-08-06,14,37.5,70.8333333333333
"865",2002-08-13,24,40.6944444444444,74.6666666666667
"866",2002-08-20,12,43.5555555555556,78.0277777777778
"867",2002-08-27,17,45.9722222222222,80.8055555555556
"868",2002-09-03,23,48.3055555555556,83.5555555555556
"869",2002-09-10,23,50.5555555555556,86.5
"870",2002-09-17,19,52.6944444444444,90.0555555555556
"871",2002-09-24,16,55.3055555555556,93.2777777777778
"872",2002-10-01,15,58.6111111111111,96.2222222222222
"873",2002-10-08,22,62.0833333333333,98.1666666666667
"874",2002-10-15,14,64.9722222222222,99.3888888888889
"875",2002-10-22,15,67.0833333333333,99.5
"876",2002-10-29,24,68.8055555555556,98.6111111111111
"877",2002-11-05,19,68.75,97.6111111111111
"878",2002-11-12,20,66.6388888888889,96.1666666666667
"879",2002-11-19,15,63.1111111111111,94.9444444444444
"880",2002-11-26,11,58.9166666666667,92.3611111111111
"881",2002-12-03,15,54.1944444444444,88.5277777777778
"882",2002-12-10,18,48.9722222222222,83.8611111111111
"883",2002-12-17,7,44.1944444444444,78.5
"884",2002-12-24,15,40.25,73.0277777777778
"885",2003-01-01,20,37,67.4444444444444
"886",2003-01-08,13,34.25,62.6944444444444
"887",2003-01-15,11,31.8333333333333,58.6944444444444
"888",2003-01-22,21,29.5833333333333,54.9166666666667
"889",2003-01-29,9,27.4722222222222,51.3333333333333
"890",2003-02-05,9,25.3333333333333,47.6666666666667
"891",2003-02-12,11,23.1944444444444,43.8611111111111
"892",2003-02-19,9,21,39.9722222222222
"893",2003-02-26,11,19.0833333333333,36.3888888888889
"894",2003-03-05,11,17.3611111111111,33.2222222222222
"895",2003-03-12,11,15.8055555555556,30.1944444444444
"896",2003-03-19,13,14.4166666666667,27.5277777777778
"897",2003-03-26,11,13.2222222222222,25.3055555555556
"898",2003-04-02,5,12.3055555555556,23.5833333333333
"899",2003-04-09,4,11.4444444444444,22.1111111111111
"900",2003-04-16,10,10.8333333333333,21.1111111111111
"901",2003-04-23,7,10.4722222222222,20.6944444444444
"902",2003-04-30,7,10.4444444444444,20.8333333333333
"903",2003-05-07,8,10.6388888888889,21.4166666666667
"904",2003-05-14,11,11,22.3888888888889
"905",2003-05-21,11,11.6944444444444,24.0833333333333
"906",2003-05-28,14,12.75,26.5
"907",2003-06-04,11,14,29.3611111111111
"908",2003-06-11,17,15.3888888888889,32.4166666666667
"909",2003-06-18,14,16.9722222222222,35.8611111111111
"910",2003-06-25,19,18.9722222222222,40.0833333333333
"911",2003-07-02,17,21.25,44.5555555555556
"912",2003-07-09,32,23.6944444444444,49
"913",2003-07-16,34,26.5277777777778,53.7777777777778
"914",2003-07-23,27,29.6111111111111,58.8611111111111
"915",2003-07-30,25,32.9722222222222,64
"916",2003-08-06,36,36.1388888888889,68.1944444444444
"917",2003-08-13,38,39.1111111111111,71.8888888888889
"918",2003-08-20,55,41.6944444444444,75.0555555555555
"919",2003-08-27,56,43.8611111111111,77.7222222222222
"920",2003-09-03,48,45.9722222222222,80.3611111111111
"921",2003-09-10,66,47.9722222222222,83.1666666666667
"922",2003-09-17,60,49.8611111111111,86.5277777777778
"923",2003-09-24,55,52.2222222222222,89.5277777777778
"924",2003-10-01,70,54.7222222222222,93
"925",2003-10-08,67,56.9722222222222,96.0833333333333
"926",2003-10-15,54,58.6666666666667,98.4444444444445
"927",2003-10-22,61,59.6666666666667,99.7222222222222
"928",2003-10-29,61,60.2777777777778,100.055555555556
"929",2003-11-05,46,59.1944444444444,100.333333333333
"930",2003-11-12,53,57.2777777777778,98.8055555555556
"931",2003-11-19,33,54.9166666666667,96.3333333333333
"932",2003-11-26,38,51.9444444444444,92.6388888888889
"933",2003-12-03,28,48.5555555555556,87.8333333333333
"934",2003-12-10,28,44.75,82.25
"935",2003-12-17,21,41.3888888888889,75.9722222222222
"936",2003-12-24,19,38.2777777777778,70.2777777777778
"937",2004-01-01,22,35.3333333333333,65.0277777777778
"938",2004-01-08,20,32.8333333333333,60.5
"939",2004-01-15,21,30.5833333333333,56.6111111111111
"940",2004-01-22,18,28.4722222222222,52.9444444444444
"941",2004-01-29,28,26.4444444444444,49.4722222222222
"942",2004-02-05,14,24.4166666666667,45.9166666666667
"943",2004-02-12,19,22.4166666666667,42.2777777777778
"944",2004-02-19,14,20.3888888888889,38.5833333333333
"945",2004-02-26,15,18.5833333333333,35.25
"946",2004-03-04,7,16.9444444444444,32.3055555555556
"947",2004-03-11,11,15.4722222222222,29.4722222222222
"948",2004-03-18,8,14.1111111111111,27
"949",2004-03-25,11,12.9166666666667,24.8888888888889
"950",2004-04-01,8,11.9722222222222,23.25
"951",2004-04-08,5,11.1388888888889,21.8055555555556
"952",2004-04-15,5,10.5833333333333,20.8055555555556
"953",2004-04-22,5,10.2777777777778,20.3888888888889
"954",2004-04-29,12,10.3055555555556,20.4722222222222
"955",2004-05-06,7,10.5555555555556,21.0555555555556
"956",2004-05-13,9,10.9722222222222,22.0277777777778
"957",2004-05-20,6,11.6944444444444,23.6944444444444
"958",2004-05-27,14,12.75,26.0277777777778
"959",2004-06-03,23,14.0277777777778,28.8333333333333
"960",2004-06-10,16,15.4444444444444,31.8888888888889
"961",2004-06-17,24,17.0555555555556,35.2777777777778
"962",2004-06-24,15,19.0555555555556,39.3888888888889
"963",2004-07-01,13,21.3333333333333,43.75
"964",2004-07-08,32,23.7777777777778,48.1388888888889
"965",2004-07-15,28,26.5555555555556,52.8333333333333
"966",2004-07-22,14,29.6111111111111,57.8055555555555
"967",2004-07-29,18,32.9444444444444,62.8611111111111
"968",2004-08-05,36,36.1666666666667,67.0833333333333
"969",2004-08-12,24,39.2222222222222,70.8611111111111
"970",2004-08-19,27,41.9166666666667,74.1666666666667
"971",2004-08-26,12,44.25,76.9722222222222
"972",2004-09-02,22,46.5,79.7222222222222
"973",2004-09-09,17,48.6111111111111,82.5833333333333
"974",2004-09-16,21,50.5277777777778,85.9166666666667
"975",2004-09-23,44,52.3055555555556,89.5277777777778
"976",2004-09-30,23,54.1666666666667,93.4722222222222
"977",2004-10-07,26,55.7222222222222,97
"978",2004-10-14,36,56.6388888888889,99.7777777777778
"979",2004-10-21,26,56.8888888888889,101.527777777778
"980",2004-10-28,28,56.75,102.305555555556
"981",2004-11-04,30,56.0277777777778,101.638888888889
"982",2004-11-11,16,54.4722222222222,99.25
"983",2004-11-18,27,52.4722222222222,95.9166666666666
"984",2004-11-25,14,50,91.4444444444444
"985",2004-12-02,15,47.1111111111111,85.8888888888889
"986",2004-12-09,21,43.8611111111111,79.6388888888889
"987",2004-12-16,23,40.5277777777778,73.4722222222222
"988",2004-12-23,15,37.5,67.9444444444444
"989",2005-01-01,11,34.6666666666667,62.9166666666667
"990",2005-01-08,23,32.2222222222222,58.6111111111111
"991",2005-01-15,20,30.0555555555556,54.9444444444444
"992",2005-01-22,8,28,51.5
"993",2005-01-29,13,26.0277777777778,48.1944444444444
"994",2005-02-05,10,24.0277777777778,44.75
"995",2005-02-12,11,22.0555555555556,41.1944444444444
"996",2005-02-19,12,20.0555555555556,37.5555555555556
"997",2005-02-26,13,18.25,34.25
"998",2005-03-05,5,16.6111111111111,31.3055555555556
"999",2005-03-12,6,15.1388888888889,28.4722222222222
"1000",2005-03-19,11,13.7777777777778,26
"1001",2005-03-26,4,12.6111111111111,23.9166666666667
"1002",2005-04-02,6,11.6944444444444,22.3055555555556
"1003",2005-04-09,8,10.8888888888889,20.9166666666667
"1004",2005-04-16,1,10.3333333333333,19.9722222222222
"1005",2005-04-23,1,10.0555555555556,19.6388888888889
"1006",2005-04-30,5,10.1388888888889,19.8333333333333
"1007",2005-05-07,2,10.4166666666667,20.4722222222222
"1008",2005-05-14,7,10.8611111111111,21.5277777777778
"1009",2005-05-21,5,11.6111111111111,23.2222222222222
"1010",2005-05-28,7,12.75,25.5833333333333
"1011",2005-06-04,11,14.0833333333333,28.3611111111111
"1012",2005-06-11,17,15.5277777777778,31.3611111111111
"1013",2005-06-18,26,17.1388888888889,34.7222222222222
"1014",2005-06-25,33,19.1111111111111,38.6944444444444
"1015",2005-07-02,35,21.3611111111111,42.9444444444444
"1016",2005-07-09,46,23.7222222222222,47.1944444444445
"1017",2005-07-16,66,26.3888888888889,51.7222222222222
"1018",2005-07-23,72,29.2222222222222,56.4444444444444
"1019",2005-07-30,107,32.3611111111111,61.2222222222222
"1020",2005-08-06,126,35.3888888888889,65.25
"1021",2005-08-13,116,38.1944444444444,68.7777777777778
"1022",2005-08-20,156,40.6944444444444,71.8611111111111
"1023",2005-08-27,147,42.8333333333333,74.4722222222222
"1024",2005-09-03,182,45,77.1111111111111
"1025",2005-09-10,209,47.0277777777778,79.8611111111111
"1026",2005-09-17,175,48.8888888888889,83.0555555555556
"1027",2005-09-24,125,50.6666666666667,86.5833333333333
"1028",2005-10-01,112,52.4444444444444,90.4166666666667
"1029",2005-10-08,81,53.9444444444444,93.8611111111111
"1030",2005-10-15,88,54.8611111111111,96.5555555555556
"1031",2005-10-22,85,55.0555555555556,98.2222222222222
"1032",2005-10-29,79,54.8333333333333,98.9444444444444
"1033",2005-11-05,78,54.0277777777778,98.25
"1034",2005-11-12,51,52.4722222222222,95.9166666666667
"1035",2005-11-19,37,50.4722222222222,92.6944444444444
"1036",2005-11-26,39,47.9444444444444,88.3611111111111
"1037",2005-12-03,26,45.1388888888889,83.0555555555556
"1038",2005-12-10,18,42.0555555555556,77.1388888888889
"1039",2005-12-17,24,38.9166666666667,71.2777777777778
"1040",2005-12-24,10,36.0833333333333,66
"1041",2006-01-01,19,33.5,61.1666666666667
"1042",2006-01-08,11,31.3055555555556,57.0555555555556
"1043",2006-01-15,21,29.2777777777778,53.5277777777778
"1044",2006-01-22,24,27.3333333333333,50.1388888888889
"1045",2006-01-29,9,25.4444444444444,46.8888888888889
"1046",2006-02-05,10,23.4722222222222,43.5
"1047",2006-02-12,10,21.4722222222222,40.0277777777778
"1048",2006-02-19,3,19.4444444444444,36.4444444444444
"1049",2006-02-26,8,17.6388888888889,33.1388888888889
"1050",2006-03-05,7,15.9722222222222,30.2222222222222
"1051",2006-03-12,1,14.4722222222222,27.4722222222222
"1052",2006-03-19,4,13.1388888888889,25.0833333333333
"1053",2006-03-26,7,12,23.0833333333333
"1054",2006-04-02,4,11.1111111111111,21.5555555555556
"1055",2006-04-09,2,10.3611111111111,20.2777777777778
"1056",2006-04-16,3,9.86111111111111,19.4166666666667
"1057",2006-04-23,5,9.66666666666667,19.0833333333333
"1058",2006-04-30,4,9.80555555555555,19.2777777777778
"1059",2006-05-07,8,10.1666666666667,19.8888888888889
"1060",2006-05-14,5,10.7222222222222,20.9444444444444
"1061",2006-05-21,5,11.5833333333333,22.6666666666667
"1062",2006-05-28,11,12.8333333333333,25.0555555555556
"1063",2006-06-04,5,14.2777777777778,27.9444444444444
"1064",2006-06-11,6,15.8611111111111,31.1388888888889
"1065",2006-06-18,8,17.6111111111111,34.75
"1066",2006-06-25,7,19.7777777777778,39.0555555555556
"1067",2006-07-02,8,22.25,43.7777777777778
"1068",2006-07-09,9,24.8888888888889,48.6111111111111
"1069",2006-07-16,13,27.8888888888889,53.8333333333333
"1070",2006-07-23,20,31.1111111111111,59.3055555555556
"1071",2006-07-30,17,34.6666666666667,64.9722222222222
"1072",2006-08-06,23,38.0833333333333,69.9722222222222
"1073",2006-08-13,14,41.25,74.3611111111111
"1074",2006-08-20,28,44.0555555555556,78.2222222222222
"1075",2006-08-27,26,46.3611111111111,81.3333333333333
"1076",2006-09-03,27,48.5555555555556,84.1388888888889
"1077",2006-09-10,34,50.4722222222222,86.6388888888889
"1078",2006-09-17,24,52.0555555555555,89.1111111111111
"1079",2006-09-24,44,53.4444444444444,91.6388888888889
"1080",2006-10-01,25,54.8055555555555,94.3055555555555
"1081",2006-10-08,22,55.8888888888889,96.5833333333333
"1082",2006-10-15,16,56.3611111111111,98.2222222222222
"1083",2006-10-22,14,56.1666666666667,98.9722222222222
"1084",2006-10-29,23,55.6111111111111,98.9444444444445
"1085",2006-11-05,24,54.5,97.6388888888889
"1086",2006-11-12,21,52.6388888888889,94.7777777777778
"1087",2006-11-19,20,50.3611111111111,91.0833333333333
"1088",2006-11-26,26,47.6388888888889,86.4166666666667
"1089",2006-12-03,9,44.6388888888889,80.8611111111111
"1090",2006-12-10,18,41.4444444444444,74.8333333333333
"1091",2006-12-17,12,38.25,69
"1092",2006-12-24,12,35.3611111111111,63.8055555555556
"1093",2007-01-01,17,32.75,59.1666666666667
"1094",2007-01-08,12,30.5555555555556,55.1666666666667
"1095",2007-01-15,21,28.5555555555556,51.75
"1096",2007-01-22,12,26.5833333333333,48.4722222222222
"1097",2007-01-29,12,24.6944444444444,45.2777777777778
"1098",2007-02-05,22,22.75,41.9722222222222
"1099",2007-02-12,17,20.8055555555556,38.5277777777778
"1100",2007-02-19,18,18.8055555555556,35.0555555555556
"1101",2007-02-26,18,17.0555555555556,31.9166666666667
"1102",2007-03-05,18,15.5,29.1388888888889
"1103",2007-03-12,12,14.0833333333333,26.5277777777778
"1104",2007-03-19,21,12.8333333333333,24.2777777777778
"1105",2007-03-26,12,11.7222222222222,22.4166666666667
"1106",2007-04-02,6,10.8611111111111,20.9722222222222
"1107",2007-04-09,13,10.1111111111111,19.7222222222222
"1108",2007-04-16,7,9.58333333333333,18.8888888888889
"1109",2007-04-23,2,9.36111111111111,18.6111111111111
"1110",2007-04-30,11,9.47222222222222,18.8333333333333
"1111",2007-05-07,9,9.83333333333333,19.4722222222222
"1112",2007-05-14,14,10.3888888888889,20.5277777777778
"1113",2007-05-21,13,11.2222222222222,22.2222222222222
"1114",2007-05-28,22,12.4166666666667,24.5555555555556
"1115",2007-06-04,26,13.7777777777778,27.3333333333333
"1116",2007-06-11,33,15.2777777777778,30.3888888888889
"1117",2007-06-18,44,16.9722222222222,33.8611111111111
"1118",2007-06-25,35,19.0555555555556,38.0277777777778
"1119",2007-07-02,53,21.4722222222222,42.5833333333333
"1120",2007-07-09,74,24.0555555555556,47.2777777777778
"1121",2007-07-16,78,27.0277777777778,52.3611111111111
"1122",2007-07-23,73,30.2222222222222,57.6944444444444
"1123",2007-07-30,81,33.6666666666667,63.1666666666667
"1124",2007-08-06,164,37,68
"1125",2007-08-13,144,40.0555555555556,72.3055555555555
"1126",2007-08-20,166,42.8333333333333,76.0833333333333
"1127",2007-08-27,198,45.1111111111111,79.1111111111111
"1128",2007-09-03,152,47.2222222222222,81.8333333333333
"1129",2007-09-10,228,49.0833333333333,84.2777777777778
"1130",2007-09-17,257,50.5555555555556,86.6388888888889
"1131",2007-09-24,266,51.8611111111111,88.9722222222222
"1132",2007-10-01,383,53.0277777777778,91.4166666666667
"1133",2007-10-08,315,53.8888888888889,93.5
"1134",2007-10-15,224,54.2222222222222,94.9722222222222
"1135",2007-10-22,142,53.9722222222222,95.6111111111111
"1136",2007-10-29,88,53.4166666666667,95.5555555555556
"1137",2007-11-05,102,52.3055555555556,94.3333333333333
"1138",2007-11-12,51,50.5277777777778,91.6111111111111
"1139",2007-11-19,62,48.3888888888889,88.0833333333333
"1140",2007-11-26,52,45.8055555555556,83.6111111111111
"1141",2007-12-03,31,42.8888888888889,78.25
"1142",2007-12-10,26,39.8333333333333,72.4444444444444
"1143",2007-12-17,27,36.8333333333333,66.7777777777778
"1144",2007-12-24,28,34.1111111111111,61.75
"1145",2008-01-01,26,31.6666666666667,57.2777777777778
"1146",2008-01-08,26,29.6111111111111,53.4722222222222
"1147",2008-01-15,24,27.7777777777778,50.2777777777778
"1148",2008-01-22,16,25.9444444444444,47.1944444444444
"1149",2008-01-29,12,24.1388888888889,44.25
"1150",2008-02-05,5,22.3055555555556,41.1944444444444
"1151",2008-02-12,7,20.4444444444444,38.0277777777778
"1152",2008-02-19,9,18.5555555555556,34.7777777777778
"1153",2008-02-26,8,16.8888888888889,31.7777777777778
"1154",2008-03-04,3,15.3888888888889,29.1111111111111
"1155",2008-03-11,6,14.0277777777778,26.5555555555556
"1156",2008-03-18,6,12.8055555555556,24.3055555555556
"1157",2008-03-25,5,11.7222222222222,22.3611111111111
"1158",2008-04-01,4,10.8611111111111,20.8333333333333
"1159",2008-04-08,2,10.1111111111111,19.5555555555556
"1160",2008-04-15,4,9.58333333333333,18.6944444444444
"1161",2008-04-22,5,9.36111111111111,18.3888888888889
"1162",2008-04-29,3,9.5,18.6388888888889
"1163",2008-05-06,3,9.91666666666667,19.3611111111111
"1164",2008-05-13,2,10.5555555555556,20.5277777777778
"1165",2008-05-20,3,11.5,22.3055555555556
"1166",2008-05-27,2,12.8333333333333,24.75
"1167",2008-06-03,3,14.3888888888889,27.6944444444444
"1168",2008-06-10,5,16.0833333333333,30.9444444444444
"1169",2008-06-17,5,17.9444444444444,34.6111111111111
"1170",2008-06-24,3,20.1666666666667,38.9722222222222
"1171",2008-07-01,7,22.75,43.9444444444444
"1172",2008-07-08,4,25.5277777777778,49.1388888888889
"1173",2008-07-15,5,28.6666666666667,54.8055555555556
"1174",2008-07-22,8,32.0555555555556,60.8611111111111
"1175",2008-07-29,6,35.75,67.1388888888889
"1176",2008-08-05,17,39.4166666666667,73
"1177",2008-08-12,13,42.8055555555556,78.2222222222222
"1178",2008-08-19,11,45.9166666666667,83.0555555555556
"1179",2008-08-26,12,48.6111111111111,87.3888888888889
"1180",2008-09-02,14,51.1666666666667,91.4166666666667
"1181",2008-09-09,15,53.4444444444444,95.1388888888889
"1182",2008-09-16,17,55.2222222222222,98.3333333333333
"1183",2008-09-23,14,56.6666666666667,101.083333333333
"1184",2008-09-30,24,57.8333333333333,103.333333333333
"1185",2008-10-07,34,58.3888888888889,104.222222222222
"1186",2008-10-14,60,58.1666666666667,103.861111111111
"1187",2008-10-21,36,57.2222222222222,102.305555555556
"1188",2008-10-28,46,55.8888888888889,100.083333333333
"1189",2008-11-04,46,54.0833333333333,96.9166666666667
"1190",2008-11-11,48,51.6111111111111,92.5555555555556
"1191",2008-11-18,42,48.9722222222222,88.0277777777778
"1192",2008-11-25,48,46.0277777777778,82.9722222222222
"1193",2008-12-02,33,42.8611111111111,77.3333333333333
"1194",2008-12-09,31,39.6944444444444,71.4444444444444
"1195",2008-12-16,30,36.5833333333333,65.8055555555556
"1196",2008-12-23,46,33.8333333333333,60.8333333333333
"1197",2009-01-01,34,31.3333333333333,56.3611111111111
"1198",2009-01-08,24,29.25,52.5833333333333
"1199",2009-01-15,39,27.3888888888889,49.3611111111111
"1200",2009-01-22,33,25.5,46.2222222222222
"1201",2009-01-29,40,23.6666666666667,43.1944444444444
"1202",2009-02-05,48,21.8333333333333,40.1111111111111
"1203",2009-02-12,50,20.0277777777778,36.9444444444444
"1204",2009-02-19,39,18.1944444444444,33.6944444444444
"1205",2009-02-26,30,16.5555555555556,30.7222222222222
"1206",2009-03-05,31,15.0555555555556,28.0833333333333
"1207",2009-03-12,24,13.7222222222222,25.5555555555556
"1208",2009-03-19,32,12.5,23.3333333333333
"1209",2009-03-26,25,11.3888888888889,21.4166666666667
"1210",2009-04-02,12,10.5,19.9166666666667
"1211",2009-04-09,28,9.75,18.6666666666667
"1212",2009-04-16,12,9.27777777777778,17.8333333333333
"1213",2009-04-23,23,9.05555555555556,17.5555555555556
"1214",2009-04-30,16,9.16666666666667,17.7777777777778
"1215",2009-05-07,11,9.52777777777778,18.4722222222222
"1216",2009-05-14,13,10.0833333333333,19.6111111111111
"1217",2009-05-21,9,10.9166666666667,21.3611111111111
"1218",2009-05-28,14,12.0833333333333,23.7777777777778
"1219",2009-06-04,18,13.4722222222222,26.6666666666667
"1220",2009-06-11,16,15,29.8888888888889
"1221",2009-06-18,25,16.7222222222222,33.5
"1222",2009-06-25,27,18.8055555555556,37.75
"1223",2009-07-02,31,21.3055555555556,42.5555555555556
"1224",2009-07-09,24,24,47.5555555555556
"1225",2009-07-16,31,27.0555555555556,53.0277777777778
"1226",2009-07-23,29,30.3888888888889,58.8333333333333
"1227",2009-07-30,37,34,64.8611111111111
"1228",2009-08-06,57,37.6111111111111,70.5277777777778
"1229",2009-08-13,82,40.8888888888889,75.6111111111111
"1230",2009-08-20,54,43.9166666666667,80.2777777777778
"1231",2009-08-27,59,46.5833333333333,84.4722222222222
"1232",2009-09-03,71,49.1111111111111,88.4166666666667
"1233",2009-09-10,69,51.4444444444444,92.1388888888889
"1234",2009-09-17,58,53.3055555555556,95.3611111111111
"1235",2009-09-24,57,54.9166666666667,98.1666666666667
"1236",2009-10-01,79,56.3055555555556,100.611111111111
"1237",2009-10-08,72,57.1388888888889,101.75
"1238",2009-10-15,77,57.2222222222222,101.666666666667
"1239",2009-10-22,75,56.5277777777778,100.305555555556
"1240",2009-10-29,81,55.4444444444444,98.25
"1241",2009-11-05,75,53.8055555555556,95.25
"1242",2009-11-12,102,51.4444444444444,90.9722222222222
"1243",2009-11-19,97,48.8055555555556,86.5
"1244",2009-11-26,116,45.8888888888889,81.5277777777778
"1245",2009-12-03,92,42.7222222222222,76.0277777777778
"1246",2009-12-10,80,39.5277777777778,70.3333333333333
"1247",2009-12-17,71,36.4444444444444,64.8888888888889
"1248",2009-12-24,102,33.75,60.1666666666667
"1249",2010-01-01,99,31.3611111111111,55.9444444444444
"1250",2010-01-08,82,29.3333333333333,52.3888888888889
"1251",2010-01-15,70,27.6111111111111,49.4166666666667
"1252",2010-01-22,95,25.8611111111111,46.5
"1253",2010-01-29,99,24.1666666666667,43.6666666666667
"1254",2010-02-05,75,22.4166666666667,40.6944444444444
"1255",2010-02-12,112,20.6388888888889,37.6111111111111
"1256",2010-02-19,120,18.8055555555556,34.4166666666667
"1257",2010-02-26,93,17.0833333333333,31.4166666666667
"1258",2010-03-05,95,15.5277777777778,28.7222222222222
"1259",2010-03-12,78,14.0833333333333,26.1388888888889
"1260",2010-03-19,125,12.7777777777778,23.8888888888889
"1261",2010-03-26,82,11.6111111111111,21.9444444444444
"1262",2010-04-02,103,10.6944444444444,20.3888888888889
"1263",2010-04-09,70,9.94444444444444,19.1111111111111
"1264",2010-04-16,75,9.41666666666666,18.2222222222222
"1265",2010-04-23,84,9.19444444444444,17.8888888888889
"1266",2010-04-30,83,9.30555555555555,18.0555555555556
"1267",2010-05-07,90,9.66666666666667,18.6666666666667
"1268",2010-05-14,104,10.2222222222222,19.75
"1269",2010-05-21,126,11.0833333333333,21.4444444444444
"1270",2010-05-28,137,12.3333333333333,23.8333333333333
"1271",2010-06-04,187,13.75,26.6944444444444
"1272",2010-06-11,289,15.3333333333333,29.8611111111111
"1273",2010-06-18,267,17.1111111111111,33.4444444444444
"1274",2010-06-25,273,19.25,37.6388888888889
"1275",2010-07-02,360,21.75,42.3888888888889
"1276",2010-07-09,430,24.4444444444444,47.3611111111111
"1277",2010-07-16,502,27.5555555555556,52.7777777777778
"1278",2010-07-23,432,30.8888888888889,58.5833333333333
"1279",2010-07-30,516,34.5277777777778,64.6388888888889
"1280",2010-08-06,516,38.1666666666667,70.3888888888889
"1281",2010-08-13,544,41.5,75.5277777777778
"1282",2010-08-20,473,44.5,80.1944444444444
"1283",2010-08-27,416,47.1111111111111,84.4444444444444
"1284",2010-09-03,435,49.6388888888889,88.4166666666667
"1285",2010-09-10,421,51.9444444444444,92.1111111111111
"1286",2010-09-17,362,53.8055555555555,95.2777777777778
"1287",2010-09-24,317,55.4444444444444,98.0833333333333
"1288",2010-10-01,242,56.9444444444444,100.555555555556
"1289",2010-10-08,223,57.8888888888889,101.75
"1290",2010-10-15,200,58.0833333333333,101.777777777778
"1291",2010-10-22,186,57.5277777777778,100.638888888889
"1292",2010-10-29,171,56.5555555555556,98.8611111111111
"1293",2010-11-05,124,55,96.1388888888889
"1294",2010-11-12,80,52.6944444444444,92.1666666666667
"1295",2010-11-19,69,50.1388888888889,88
"1296",2010-11-26,53,47.25,83.3333333333333
"1297",2010-12-03,55,44.0833333333333,78.0277777777778
"1298",2010-12-10,41,40.8888888888889,72.4444444444444
"1299",2010-12-17,45,37.8333333333333,67.1388888888889
"1300",2010-12-24,30,35.1944444444444,62.6111111111111
"1301",2011-01-01,20,32.8055555555556,58.4722222222222
"1302",2011-01-08,23,30.8055555555556,54.9722222222222
"1303",2011-01-15,39,29.1111111111111,52.1944444444444
"1304",2011-01-22,11,27.4166666666667,49.5833333333333
"1305",2011-01-29,11,25.7222222222222,47.0277777777778
"1306",2011-02-05,18,23.9444444444444,44.25
"1307",2011-02-12,19,22.1944444444444,41.5277777777778
"1308",2011-02-19,19,20.4166666666667,38.6111111111111
"1309",2011-02-26,9,18.75,35.75
"1310",2011-03-05,12,17.1944444444444,33.1111111111111
"1311",2011-03-12,5,15.7777777777778,30.5555555555556
"1312",2011-03-19,6,14.5,28.3333333333333
"1313",2011-03-26,6,13.3333333333333,26.2222222222222
"1314",2011-04-02,7,12.3611111111111,24.5833333333333
"1315",2011-04-09,6,11.5555555555556,23.25
"1316",2011-04-16,5,11.0277777777778,22.3611111111111
"1317",2011-04-23,5,10.8333333333333,22.1111111111111
"1318",2011-04-30,2,11,22.5
"1319",2011-05-07,4,11.4722222222222,23.7222222222222
"1320",2011-05-14,4,12.25,25.6388888888889
"1321",2011-05-21,8,13.3888888888889,28.4166666666667
"1322",2011-05-28,3,14.9722222222222,32.1666666666667
"1323",2011-06-04,7,16.8055555555556,36.6944444444444
"1324",2011-06-11,9,18.8611111111111,41.8611111111111
"1325",2011-06-18,10,21.1111111111111,47.3333333333333
"1326",2011-06-25,27,23.7222222222222,53.5277777777778
"1327",2011-07-02,21,26.75,60.3611111111111
"1328",2011-07-09,35,29.9722222222222,67.3611111111111
"1329",2011-07-16,38,33.5277777777778,74.5
"1330",2011-07-23,31,37.25,81.3888888888889
"1331",2011-07-30,48,41.25,88.3333333333333
"1332",2011-08-06,41,45.1944444444444,94.4722222222222
"1333",2011-08-13,59,48.6666666666667,99.4166666666667
"1334",2011-08-20,69,51.6388888888889,103.222222222222
"1335",2011-08-27,64,54.1111111111111,106.111111111111
"1336",2011-09-03,69,56.3888888888889,108.555555555556
"1337",2011-09-10,85,58.3055555555556,110.305555555556
"1338",2011-09-17,68,59.6111111111111,111.25
"1339",2011-09-24,70,60.6666666666667,111.777777777778
"1340",2011-10-01,56,61.5833333333333,112.027777777778
"1341",2011-10-08,68,61.9444444444444,111.194444444444
"1342",2011-10-15,71,61.5277777777778,109.305555555556
"1343",2011-10-22,55,60.3888888888889,106.472222222222
"1344",2011-10-29,63,58.9166666666667,103.25
"1345",2011-11-05,40,56.8611111111111,99.1944444444444
"1346",2011-11-12,33,54.1111111111111,94.1666666666667
"1347",2011-11-19,32,51.1666666666667,89.1111111111111
"1348",2011-11-26,26,48,83.75
"1349",2011-12-03,30,44.6388888888889,77.9722222222222
"1350",2011-12-10,26,41.3055555555556,72.0833333333333
"1351",2011-12-17,18,38.1666666666667,66.6388888888889
"1352",2011-12-24,22,35.4166666666667,61.9722222222222
"1353",2012-01-01,30,32.9444444444444,57.7777777777778
"1354",2012-01-08,25,30.8611111111111,54.25
"1355",2012-01-15,22,29.0833333333333,51.3888888888889
"1356",2012-01-22,16,27.25,48.6666666666667
"1357",2012-01-29,19,25.4722222222222,46.0833333333333
"1358",2012-02-05,12,23.6666666666667,43.3611111111111
"1359",2012-02-12,12,21.8888888888889,40.6388888888889
"1360",2012-02-19,11,20.0555555555556,37.75
"1361",2012-02-26,20,18.3333333333333,34.9722222222222
"1362",2012-03-04,21,16.8055555555556,32.4444444444444
"1363",2012-03-11,19,15.3888888888889,29.9166666666667
"1364",2012-03-18,14,14.1111111111111,27.7222222222222
"1365",2012-03-25,11,12.9166666666667,25.6944444444444
"1366",2012-04-01,11,11.9722222222222,24.1111111111111
"1367",2012-04-08,12,11.1944444444444,22.8055555555556
"1368",2012-04-15,13,10.6388888888889,21.9722222222222
"1369",2012-04-22,18,10.3888888888889,21.8055555555556
"1370",2012-04-29,9,10.5,22.2222222222222
"1371",2012-05-06,24,10.9444444444444,23.4166666666667
"1372",2012-05-13,28,11.6666666666667,25.2777777777778
"1373",2012-05-20,40,12.75,27.9722222222222
"1374",2012-05-27,50,14.3055555555556,31.5833333333333
"1375",2012-06-03,46,16.1666666666667,36
"1376",2012-06-10,80,18.3055555555556,41.0833333333333
"1377",2012-06-17,80,20.6666666666667,46.5
"1378",2012-06-24,63,23.4166666666667,52.6666666666667
"1379",2012-07-01,74,26.5833333333333,59.4722222222222
"1380",2012-07-08,93,29.9722222222222,66.4722222222222
"1381",2012-07-15,81,33.6944444444444,73.5555555555556
"1382",2012-07-22,89,37.5,80.4166666666667
"1383",2012-07-29,98,41.5833333333333,87.3333333333333
"1384",2012-08-05,131,45.5555555555556,93.4722222222222
"1385",2012-08-12,140,49.0833333333333,98.4722222222222
"1386",2012-08-19,128,52.1111111111111,102.333333333333
"1387",2012-08-26,138,54.5833333333333,105.277777777778
"1388",2012-09-02,165,56.8888888888889,107.722222222222
"1389",2012-09-09,179,58.8055555555556,109.472222222222
"1390",2012-09-16,197,60.1388888888889,110.361111111111
"1391",2012-09-23,207,61.1666666666667,110.805555555556
"1392",2012-09-30,259,61.9722222222222,110.944444444444
"1393",2012-10-07,286,62.25,110.027777777778
"1394",2012-10-14,271,61.75,108.055555555556
"1395",2012-10-21,224,60.4722222222222,105.111111111111
"1396",2012-10-28,296,58.8333333333333,101.777777777778
"1397",2012-11-04,309,56.6388888888889,97.6111111111111
"1398",2012-11-11,349,53.8055555555556,92.5277777777778
"1399",2012-11-18,360,50.7777777777778,87.4444444444444
"1400",2012-11-25,378,47.5277777777778,82.1111111111111
"1401",2012-12-02,389,44.1666666666667,76.4166666666667
"1402",2012-12-09,338,40.8611111111111,70.6666666666667
"1403",2012-12-16,284,37.75,65.3611111111111
"1404",2012-12-23,298,35.0555555555556,60.8333333333333
"1405",2013-01-01,312,32.6111111111111,56.75
"1406",2013-01-08,333,30.5555555555556,53.3055555555556
"1407",2013-01-15,265,28.75,50.5
"1408",2013-01-22,263,26.9166666666667,47.8333333333333
"1409",2013-01-29,232,25.1388888888889,45.3055555555556
"1410",2013-02-05,216,23.3055555555556,42.6111111111111
"1411",2013-02-12,159,21.5555555555556,39.9444444444444
"1412",2013-02-19,147,19.75,37.1388888888889
"1413",2013-02-26,139,18.1111111111111,34.4444444444444
"1414",2013-03-05,130,16.6388888888889,31.9722222222222
"1415",2013-03-12,103,15.2777777777778,29.5277777777778
"1416",2013-03-19,109,14.0833333333333,27.4166666666667
"1417",2013-03-26,89,12.9444444444444,25.4166666666667
"1418",2013-04-02,76,12.0555555555556,23.8333333333333
"1419",2013-04-09,90,11.3055555555556,22.5555555555556
"1420",2013-04-16,75,10.8055555555556,21.7777777777778
"1421",2013-04-23,61,10.6388888888889,21.6666666666667
"1422",2013-04-30,74,10.8055555555556,22.1666666666667
"1423",2013-05-07,86,11.3611111111111,23.5833333333333
"1424",2013-05-14,88,12.2222222222222,25.75
"1425",2013-05-21,95,13.4722222222222,28.75
"1426",2013-05-28,138,15.1944444444444,32.6388888888889
"1427",2013-06-04,213,17.2222222222222,37.3333333333333
"1428",2013-06-11,195,19.5277777777778,42.6944444444444
"1429",2013-06-18,328,21.9722222222222,48.25
"1430",2013-06-25,278,24.7777777777778,54.4444444444444
"1431",2013-07-02,305,28,61.3055555555556
"1432",2013-07-09,312,31.4166666666667,68.4166666666667
"1433",2013-07-16,354,35.1388888888889,75.6111111111111
"1434",2013-07-23,393,38.9722222222222,82.5833333333333
"1435",2013-07-30,404,43.1388888888889,89.7222222222222
"1436",2013-08-06,435,47.25,96.1666666666667
"1437",2013-08-13,451,50.9166666666667,101.5
"1438",2013-08-20,395,54.1111111111111,105.75
"1439",2013-08-27,345,56.8055555555556,109.222222222222
"1440",2013-09-03,290,59.3611111111111,112.388888888889
"1441",2013-09-10,295,61.5555555555556,114.916666666667
"1442",2013-09-17,273,63.1111111111111,116.638888888889
"1443",2013-09-24,266,64.3888888888889,118
"1444",2013-10-01,254,65.4722222222222,119.111111111111
"1445",2013-10-08,220,66,119.194444444444
"1446",2013-10-15,179,65.7222222222222,118.138888888889
"1447",2013-10-22,140,64.6388888888889,116.166666666667
"1448",2013-10-29,138,63.2777777777778,113.972222222222
"1449",2013-11-05,106,61.3055555555556,110.888888888889
"1450",2013-11-12,135,58.6111111111111,106.722222222222
"1451",2013-11-19,81,55.6666666666667,102.305555555556
"1452",2013-11-26,67,52.4444444444444,97.4444444444444
"1453",2013-12-03,67,49.0555555555556,91.9722222222222
"1454",2013-12-10,57,45.5833333333333,86
"1455",2013-12-17,43,42.25,80.25
"1456",2013-12-24,45,39.3333333333333,75.1944444444444
"1457",2014-01-01,46,36.6666666666667,70.5
"1458",2014-01-08,51,34.3611111111111,66.3055555555556
"1459",2014-01-15,39,32.2777777777778,62.5833333333333
"1460",2014-01-22,37,30.1666666666667,59
"1461",2014-01-29,32,28.1388888888889,55.5
"1462",2014-02-05,19,26.0555555555556,51.75
"1463",2014-02-12,25,24.0277777777778,48.0277777777778
"1464",2014-02-19,19,22,44.25
"1465",2014-02-26,21,20.1666666666667,40.6944444444444
"1466",2014-03-05,18,18.5277777777778,37.4722222222222
"1467",2014-03-12,15,17,34.3611111111111
"1468",2014-03-19,10,15.6388888888889,31.6944444444444
"1469",2014-03-26,10,14.3888888888889,29.25
"1470",2014-04-02,14,13.3611111111111,27.3611111111111
"1471",2014-04-09,5,12.5,25.9166666666667
"1472",2014-04-16,8,11.9166666666667,25.0277777777778
"1473",2014-04-23,4,11.6944444444444,24.9722222222222
"1474",2014-04-30,2,11.8888888888889,25.7777777777778
"1475",2014-05-07,6,12.5,27.6388888888889
"1476",2014-05-14,10,13.5277777777778,30.5
"1477",2014-05-21,9,15,34.3888888888889
"1478",2014-05-28,5,17.0277777777778,39.4166666666667
"1479",2014-06-04,10,19.4444444444444,45.3611111111111
"1480",2014-06-11,7,22.1111111111111,51.9166666666667
"1481",2014-06-18,22,24.9722222222222,58.8055555555556
"1482",2014-06-25,6,28.1388888888889,66.1111111111111
"1483",2014-07-02,10,31.75,74.0277777777778
"1484",2014-07-09,14,35.5555555555556,82.1111111111111
"1485",2014-07-16,17,39.6111111111111,90.1388888888889
"1486",2014-07-23,25,43.8055555555556,97.7777777777778
"1487",2014-07-30,19,48.25,105.166666666667
"1488",2014-08-06,18,52.6111111111111,111.666666666667
"1489",2014-08-13,12,56.3888888888889,116.666666666667
"1490",2014-08-20,15,59.5277777777778,120.138888888889
"1491",2014-08-27,16,62.1111111111111,122.583333333333
"1492",2014-09-03,24,64.4444444444444,124.555555555556
"1493",2014-09-10,16,66.3611111111111,125.888888888889
"1494",2014-09-17,14,67.5555555555555,126.333333333333
"1495",2014-09-24,12,68.4722222222222,126.416666666667
"1496",2014-10-01,13,69.1944444444444,126.305555555556
"1497",2014-10-08,15,69.3333333333333,125.194444444444
"1498",2014-10-15,10,68.6388888888889,122.972222222222
"1499",2014-10-22,3,67.1388888888889,119.861111111111
"1500",2014-10-29,1,65.4166666666667,116.638888888889
"1501",2014-11-05,2,63.0833333333333,112.666666666667
"1502",2014-11-12,2,60.0833333333333,107.777777777778
"1503",2014-11-19,2,56.8333333333333,102.722222222222
"1504",2014-11-26,1,53.3888888888889,97.3888888888889
"1505",2014-12-03,4,49.8333333333333,91.6111111111111
"1506",2014-12-10,2,46.1944444444444,85.4722222222222
"1507",2014-12-17,1,42.75,79.6666666666667
"1508",2014-12-24,2,39.75,74.6111111111111
"1509",2015-01-01,1,37.0555555555556,70
"1510",2015-01-08,2,34.6944444444444,65.8611111111111
"1511",2015-01-15,0,32.5277777777778,62.1388888888889
"1512",2015-01-22,5,30.3888888888889,58.5
"1513",2015-01-29,1,28.3333333333333,54.8888888888889
"1514",2015-02-05,0,26.2222222222222,51.0555555555556
"1515",2015-02-12,2,24.1666666666667,47.2777777777778
"1516",2015-02-19,3,22.1111111111111,43.5
"1517",2015-02-26,5,20.2777777777778,40
"1518",2015-03-05,1,18.5833333333333,36.8611111111111
"1519",2015-03-12,3,17,33.8888888888889
"1520",2015-03-19,3,15.5555555555556,31.3333333333333
"1521",2015-03-26,3,14.2222222222222,28.9722222222222
"1522",2015-04-02,2,13.1666666666667,27.1111111111111
"1523",2015-04-09,0,12.2777777777778,25.6388888888889
"1524",2015-04-16,1,11.6944444444444,24.7222222222222
"1525",2015-04-23,0,11.4722222222222,24.5833333333333
"1526",2015-04-30,0,11.6944444444444,25.2777777777778
"1527",2015-05-07,0,12.3055555555556,27
"1528",2015-05-14,0,13.3055555555556,29.75
"1529",2015-05-21,1,14.7222222222222,33.5277777777778
"1530",2015-05-28,1,16.6666666666667,38.4166666666667
"1531",2015-06-04,0,18.9722222222222,44.2222222222222
"1532",2015-06-11,1,21.5555555555556,50.6388888888889
"1533",2015-06-18,0,24.3888888888889,57.3888888888889
"1534",2015-06-25,0,27.5,64.5
"1535",2015-07-02,0,31.0555555555556,72.2222222222222
"1536",2015-07-09,1,34.7777777777778,80.0833333333333
"1537",2015-07-16,1,38.75,87.8888888888889
"1538",2015-07-23,3,42.7777777777778,95.3055555555555
"1539",2015-07-30,0,46.9722222222222,102.472222222222
"1540",2015-08-06,2,51.0555555555556,108.777777777778
"1541",2015-08-13,1,54.5555555555556,113.583333333333
"1542",2015-08-20,0,57.4722222222222,116.916666666667
"1543",2015-08-27,1,59.8333333333333,119.222222222222
"1544",2015-09-03,0,61.9722222222222,121.055555555556
"1545",2015-09-10,0,63.6944444444444,122.277777777778
"1546",2015-09-17,0,64.7222222222222,122.638888888889
"1547",2015-09-24,1,65.3888888888889,122.694444444444
"1548",2015-10-01,2,65.8055555555556,122.583333333333
"1549",2015-10-08,1,65.6111111111111,121.527777777778
"1550",2015-10-15,0,64.5555555555556,119.416666666667
"1551",2015-10-22,1,62.7222222222222,116.416666666667
"1552",2015-10-29,2,60.6944444444444,113.333333333333
"1553",2015-11-05,3,58.2777777777778,109.5
"1554",2015-11-12,4,55.3055555555556,104.75
"1555",2015-11-19,1,52.2222222222222,99.8333333333333
"1556",2015-11-26,6,49.0555555555556,94.6388888888889
"1557",2015-12-03,4,45.8611111111111,89.0277777777778
"1558",2015-12-10,5,42.6111111111111,83.0555555555556
"1559",2015-12-17,0,39.5,77.3888888888889
"1560",2015-12-24,3,36.8055555555556,72.4722222222222
"1561",2016-01-01,2,34.3333333333333,68
"1562",2016-01-08,1,32.1944444444444,64
"1563",2016-01-15,6,30.25,60.4166666666667
"1564",2016-01-22,11,28.3611111111111,56.9166666666667
"1565",2016-01-29,14,26.5,53.4722222222222
"1566",2016-02-05,19,24.5833333333333,49.7777777777778
"1567",2016-02-12,36,22.75,46.1111111111111
"1568",2016-02-19,24,20.8888888888889,42.4166666666667
"1569",2016-02-26,11,19.1944444444444,38.9722222222222
"1570",2016-03-04,9,17.5833333333333,35.8611111111111
"1571",2016-03-11,8,16.0833333333333,32.8888888888889
"1572",2016-03-18,6,14.6944444444444,30.3333333333333
"1573",2016-03-25,4,13.3888888888889,27.9722222222222
"1574",2016-04-01,7,12.3055555555556,26.1111111111111
"1575",2016-04-08,17,11.3888888888889,24.6666666666667
"1576",2016-04-15,14,10.8055555555556,23.7777777777778
"1577",2016-04-22,11,10.5833333333333,23.6666666666667
"1578",2016-04-29,17,10.7777777777778,24.3611111111111
"1579",2016-05-06,8,11.3611111111111,26.0555555555556
"1580",2016-05-13,13,12.3055555555556,28.7222222222222
"1581",2016-05-20,10,13.6388888888889,32.3333333333333
"1582",2016-05-27,23,15.3611111111111,37
"1583",2016-06-03,16,17.3888888888889,42.5277777777778
"1584",2016-06-10,31,19.6944444444444,48.6666666666667
"1585",2016-06-17,25,22.2222222222222,55.1388888888889
"1586",2016-06-24,22,25.0277777777778,62
"1587",2016-07-01,12,28.25,69.4722222222222
"1588",2016-07-08,12,31.7222222222222,77.0833333333333
"1589",2016-07-15,9,35.4166666666667,84.6388888888889
"1590",2016-07-22,7,39.1388888888889,91.8055555555555
"1591",2016-07-29,27,42.9166666666667,98.7222222222222
"1592",2016-08-05,29,46.5833333333333,104.833333333333
"1593",2016-08-12,17,49.6388888888889,109.5
"1594",2016-08-19,19,52.1388888888889,112.805555555556
"1595",2016-08-26,22,54.1944444444444,115.194444444444
"1596",2016-09-02,13,56.0555555555556,117.166666666667
"1597",2016-09-09,11,57.6111111111111,118.555555555556
"1598",2016-09-16,4,58.5555555555556,119.055555555556
"1599",2016-09-23,5,59.2777777777778,119.25
"1600",2016-09-30,1,59.7777777777778,119.194444444444
"1601",2016-10-07,0,59.6944444444444,118.138888888889
"1602",2016-10-14,2,58.8333333333333,116
"1603",2016-10-21,0,57.3611111111111,113
"1604",2016-10-28,2,55.7777777777778,109.944444444444
"1605",2016-11-04,4,53.8333333333333,106.166666666667
"1606",2016-11-11,0,51.3333333333333,101.555555555556
"1607",2016-11-18,2,48.6944444444444,96.8055555555556
"1608",2016-11-25,0,45.9722222222222,91.8055555555556
"1609",2016-12-02,3,43.1111111111111,86.3888888888889
"1610",2016-12-09,0,40.0833333333333,80.5833333333333
"1611",2016-12-16,0,37.1388888888889,75.0833333333333
"1612",2016-12-23,4,34.6666666666667,70.2777777777778
"1613",2017-01-01,1,32.4444444444444,65.9166666666667
"1614",2017-01-08,1,30.5555555555556,62.0555555555556
"1615",2017-01-15,0,28.9166666666667,58.6388888888889
"1616",2017-01-22,0,27.3611111111111,55.3611111111111
"1617",2017-01-29,1,25.8055555555556,52.1388888888889
"1618",2017-02-05,0,24.1111111111111,48.6944444444444
"1619",2017-02-12,4,22.4444444444444,45.25
"1620",2017-02-19,1,20.6944444444444,41.6944444444444
"1621",2017-02-26,3,19,38.3333333333333
"1622",2017-03-05,1,17.3888888888889,35.25
"1623",2017-03-12,0,15.9166666666667,32.3055555555556
"1624",2017-03-19,2,14.5833333333333,29.7777777777778
"1625",2017-03-26,2,13.3333333333333,27.4722222222222
"1626",2017-04-02,2,12.3055555555556,25.7222222222222
"1627",2017-04-09,1,11.4722222222222,24.3611111111111
"1628",2017-04-16,0,10.9166666666667,23.5555555555556
"1629",2017-04-23,0,10.6944444444444,23.5
"1630",2017-04-30,0,10.8333333333333,24.2222222222222
"1631",2017-05-07,0,11.3611111111111,25.9166666666667
"1632",2017-05-14,0,12.25,28.5555555555556
"1633",2017-05-21,0,13.5277777777778,32.1666666666667
"1634",2017-05-28,1,15.25,36.7777777777778
"1635",2017-06-04,0,17.2777777777778,42.1944444444444
"1636",2017-06-11,0,19.5833333333333,48.1388888888889
"1637",2017-06-18,1,22.0555555555556,54.3611111111111
"1638",2017-06-25,1,24.7777777777778,60.9166666666667
"1639",2017-07-02,6,27.9166666666667,68.0277777777778
"1640",2017-07-09,3,31.25,75.3055555555556
"1641",2017-07-16,4,34.75,82.5555555555556
"1642",2017-07-23,0,38.3055555555556,89.5277777777778
"1643",2017-07-30,0,42,96.2777777777778
"1644",2017-08-06,0,45.5833333333333,102.222222222222
"1645",2017-08-13,0,48.4722222222222,106.777777777778
"1646",2017-08-20,0,50.7777777777778,109.972222222222
"1647",2017-08-27,1,52.6111111111111,112.222222222222
"1648",2017-09-03,0,54.0833333333333,113.972222222222
"1649",2017-09-10,0,55.1388888888889,115.166666666667
"1650",2017-09-17,0,55.5277777777778,115.555555555556
"1651",2017-09-24,0,55.75,115.638888888889
"1652",2017-10-01,1,55.7777777777778,115.527777777778
"1653",2017-10-08,0,55.2777777777778,114.527777777778
"1654",2017-10-15,0,54.25,112.527777777778
"1655",2017-10-22,1,52.6666666666667,109.638888888889
"1656",2017-10-29,0,51.1111111111111,106.666666666667
"1657",2017-11-05,0,49.2222222222222,103
"1658",2017-11-12,0,46.8055555555556,98.4722222222222
"1659",2017-11-19,0,44.3888888888889,93.7777777777778
"1660",2017-11-26,1,41.8611111111111,88.8333333333333
"1661",2017-12-03,0,39.3055555555556,83.5555555555555
"1662",2017-12-10,1,36.5277777777778,77.9166666666667
"1663",2017-12-17,0,33.8888888888889,72.5833333333333
"1664",2017-12-24,2,31.7777777777778,68
"1665",2018-01-01,1,29.7777777777778,63.8333333333333
"1666",2018-01-08,0,28.0833333333333,60.1666666666667
"1667",2018-01-15,0,26.5555555555556,56.8888888888889
"1668",2018-01-22,0,25.1944444444444,53.75
"1669",2018-01-29,0,23.8055555555556,50.6388888888889
"1670",2018-02-05,1,22.25,47.25
"1671",2018-02-12,0,20.8055555555556,43.8888888888889
"1672",2018-02-19,0,19.25,40.4166666666667
"1673",2018-02-26,1,17.8055555555556,37.1666666666667
"1674",2018-03-05,0,16.3611111111111,34.1944444444444
"1675",2018-03-12,1,15.0277777777778,31.3611111111111
"1676",2018-03-19,1,13.8055555555556,28.9444444444444
"1677",2018-03-26,1,12.6111111111111,26.7222222222222
"1678",2018-04-02,1,11.6388888888889,25
"1679",2018-04-09,1,10.7777777777778,23.6388888888889
"1680",2018-04-16,0,10.1666666666667,22.7777777777778
"1681",2018-04-23,0,9.88888888888889,22.6666666666667
"1682",2018-04-30,0,9.97222222222222,23.3055555555556
"1683",2018-05-07,0,10.4444444444444,24.8888888888889
"1684",2018-05-14,1,11.2777777777778,27.4166666666667
"1685",2018-05-21,1,12.5,30.8888888888889
"1686",2018-05-28,0,14.1944444444444,35.3611111111111
"1687",2018-06-04,0,16.1666666666667,40.5833333333333
"1688",2018-06-11,0,18.3888888888889,46.3611111111111
"1689",2018-06-18,1,20.7222222222222,52.3888888888889
"1690",2018-06-25,0,23.2222222222222,58.6944444444444
"1691",2018-07-02,0,26.0555555555556,65.5277777777778
"1692",2018-07-09,0,28.9444444444444,72.5
"1693",2018-07-16,1,31.9166666666667,79.4722222222222
"1694",2018-07-23,7,34.9166666666667,86.1111111111111
"1695",2018-07-30,3,38.0277777777778,92.5833333333333
"1696",2018-08-06,1,41.0277777777778,98.3611111111111
"1697",2018-08-13,0,43.4444444444444,102.777777777778
"1698",2018-08-20,3,45.4166666666667,105.888888888889
"1699",2018-08-27,1,47.0555555555556,108.083333333333
"1700",2018-09-03,1,48.3055555555556,109.833333333333
"1701",2018-09-10,0,49.1944444444444,111
"1702",2018-09-17,1,49.5833333333333,111.333333333333
"1703",2018-09-24,0,49.8055555555556,111.416666666667
"1704",2018-10-01,2,49.8611111111111,111.333333333333
"1705",2018-10-08,0,49.3888888888889,110.388888888889
"1706",2018-10-15,2,48.5555555555556,108.472222222222
"1707",2018-10-22,0,47.3055555555556,105.75
"1708",2018-10-29,0,46,102.972222222222
"1709",2018-11-05,1,44.4444444444444,99.5
"1710",2018-11-12,0,42.3888888888889,95.1666666666667
"1711",2018-11-19,2,40.3888888888889,90.6666666666667
"1712",2018-11-26,1,38.25,85.9166666666667
"1713",2018-12-03,1,35.9722222222222,80.8055555555556
"1714",2018-12-10,0,33.5,75.3333333333333
"1715",2018-12-17,0,31.0833333333333,70.1666666666667
"1716",2018-12-24,2,29.1666666666667,65.7222222222222
"1717",2019-01-01,1,27.2777777777778,61.6944444444444
"1718",2019-01-08,1,25.6388888888889,58.1388888888889
"1719",2019-01-15,1,24.2222222222222,54.9722222222222
"1720",2019-01-22,1,23,51.9444444444444
"1721",2019-01-29,0,21.8055555555556,48.9444444444444
"1722",2019-02-05,0,20.4444444444444,45.7222222222222
"1723",2019-02-12,0,19.1944444444444,42.5
"1724",2019-02-19,2,17.8611111111111,39.1944444444444
"1725",2019-02-26,0,16.5833333333333,36.0833333333333
"1726",2019-03-05,0,15.25,33.2222222222222
"1727",2019-03-12,0,14,30.4722222222222
"1728",2019-03-19,0,12.8333333333333,28.0555555555556
"1729",2019-03-26,1,11.6944444444444,25.8333333333333
"1730",2019-04-02,0,10.75,24.0833333333333
"1731",2019-04-09,0,9.94444444444444,22.7222222222222
"1732",2019-04-16,0,9.41666666666667,21.8611111111111
"1733",2019-04-23,0,9.16666666666667,21.75
"1734",2019-04-30,0,9.25,22.4166666666667
"1735",2019-05-07,1,9.69444444444444,24
"1736",2019-05-14,2,10.5,26.5
"1737",2019-05-21,0,11.6111111111111,29.8611111111111
"1738",2019-05-28,0,13.0833333333333,34.1666666666667
"1739",2019-06-04,0,14.8055555555556,39.1666666666667
"1740",2019-06-11,0,16.8055555555556,44.6666666666667
"1741",2019-06-18,1,18.9722222222222,50.4444444444444
"1742",2019-06-25,0,21.2777777777778,56.5
"1743",2019-07-02,1,23.9444444444444,63.0833333333333
"1744",2019-07-09,1,26.6944444444444,69.8055555555556
"1745",2019-07-16,1,29.6111111111111,76.5833333333333
"1746",2019-07-23,0,32.5,83.0833333333333
"1747",2019-07-30,1,35.3888888888889,89.3611111111111
"1748",2019-08-06,1,38.1111111111111,94.9444444444444
"1749",2019-08-13,0,40.25,99.25
"1750",2019-08-20,1,42,102.333333333333
"1751",2019-08-27,1,43.3333333333333,104.5
"1752",2019-09-03,4,44.3055555555556,106.166666666667
"1753",2019-09-10,1,45.0277777777778,107.333333333333
"1754",2019-09-17,2,45.3333333333333,107.694444444444
"1755",2019-09-24,6,45.4722222222222,107.75
"1756",2019-10-01,3,45.4722222222222,107.611111111111
"1757",2019-10-08,4,44.9722222222222,106.583333333333
"1758",2019-10-15,2,44.1944444444444,104.694444444444
"1759",2019-10-22,1,42.9722222222222,101.972222222222
"1760",2019-10-29,3,41.75,99.2222222222222
"1761",2019-11-05,4,40.3611111111111,95.8611111111111
"1762",2019-11-12,4,38.5,91.6666666666666
"1763",2019-11-19,2,36.8055555555556,87.3888888888889
"1764",2019-11-26,6,34.9444444444444,82.8333333333333
"1765",2019-12-03,8,33,77.9444444444444
"1766",2019-12-10,13,30.8611111111111,72.6944444444444
"1767",2019-12-17,6,28.75,67.6944444444444
"1768",2019-12-24,15,27.0833333333333,63.4166666666667
"1769",2020-01-01,10,25.3611111111111,59.5
"1770",2020-01-08,14,23.8888888888889,56.0555555555556
"1771",2020-01-15,22,22.5833333333333,53
"1772",2020-01-22,20,21.3888888888889,50.0833333333333
"1773",2020-01-29,21,20.2222222222222,47.1944444444444
"1774",2020-02-05,28,18.9166666666667,44.0833333333333
"1775",2020-02-12,20,17.75,41
"1776",2020-02-19,20,16.5,37.8055555555556
"1777",2020-02-26,19,15.3055555555556,34.8055555555556
"1778",2020-03-04,11,14.1111111111111,32.0277777777778
"1779",2020-03-11,8,12.9722222222222,29.4166666666667
"1780",2020-03-18,8,11.9166666666667,27.1111111111111
"1781",2020-03-25,5,10.8888888888889,25
"1782",2020-04-01,11,10.0277777777778,23.3611111111111
"1783",2020-04-08,12,9.30555555555556,22.0555555555556
"1784",2020-04-15,22,8.83333333333333,21.25
"1785",2020-04-22,11,8.63888888888889,21.0833333333333
"1786",2020-04-29,16,8.72222222222222,21.6666666666667
"1787",2020-05-06,15,9.08333333333333,23.0833333333333
"1788",2020-05-13,12,9.77777777777778,25.3888888888889
"1789",2020-05-20,12,10.75,28.5277777777778
"1790",2020-05-27,12,12.0833333333333,32.5833333333333
"1791",2020-06-03,8,13.6666666666667,37.3888888888889
"1792",2020-06-10,10,15.5277777777778,42.7222222222222
"1793",2020-06-17,8,17.5833333333333,48.3611111111111
"1794",2020-06-24,8,19.75,54.2777777777778
"1795",2020-07-01,9,22.2777777777778,60.7777777777778
"1796",2020-07-08,6,24.8055555555556,67.3888888888889
"1797",2020-07-15,7,27.4166666666667,74
"1798",2020-07-22,4,30,80.2777777777778
"1799",2020-07-29,12,32.6388888888889,86.3611111111111
"1800",2020-08-05,10,35.1388888888889,91.75
"1801",2020-08-12,13,37.0833333333333,95.8333333333333
"1802",2020-08-19,14,38.7777777777778,98.7777777777778
"1803",2020-08-26,12,40.1944444444444,100.861111111111
"1804",2020-09-02,20,41.2777777777778,102.527777777778
"1805",2020-09-09,12,42.0277777777778,103.666666666667
"1806",2020-09-16,20,42.4166666666667,104.055555555556
"1807",2020-09-23,27,42.6666666666667,104.194444444444
"1808",2020-09-30,24,42.7222222222222,104.111111111111
"1809",2020-10-07,32,42.2222222222222,103.166666666667
"1810",2020-10-14,34,41.4722222222222,101.333333333333
"1811",2020-10-21,37,40.3888888888889,98.7222222222222
"1812",2020-10-28,35,39.3333333333333,96.0833333333333
"1813",2020-11-04,40,38.1111111111111,92.8333333333333
"1814",2020-11-11,40,36.4444444444444,88.8055555555555
"1815",2020-11-18,27,35,84.7222222222222
"1816",2020-11-25,32,33.4166666666667,80.4166666666667
"1817",2020-12-02,31,31.75,75.8055555555556
"1818",2020-12-09,27,29.8611111111111,70.8333333333333
"1819",2020-12-16,36,28,66.1111111111111
"1820",2020-12-23,40,26.5833333333333,62.0833333333333
"1821",2021-01-01,27,25.0833333333333,58.3888888888889
"1822",2021-01-08,26,23.7777777777778,55.1111111111111
"1823",2021-01-15,28,22.5833333333333,52.1944444444444
"1824",2021-01-22,21,21.4722222222222,49.3888888888889
"1825",2021-01-29,26,20.3611111111111,46.6111111111111
"1826",2021-02-05,18,19.0833333333333,43.5555555555556
"1827",2021-02-12,24,17.8888888888889,40.5
"1828",2021-02-19,18,16.6111111111111,37.3611111111111
"1829",2021-02-26,22,15.3888888888889,34.3888888888889
"1830",2021-03-05,27,14.1944444444444,31.6666666666667
"1831",2021-03-12,12,13.0555555555556,29.0833333333333
"1832",2021-03-19,7,12,26.8611111111111
"1833",2021-03-26,6,11,24.8333333333333
"1834",2021-04-02,12,10.1666666666667,23.25
"1835",2021-04-09,4,9.5,22
"1836",2021-04-16,6,9.02777777777778,21.2222222222222
"1837",2021-04-23,10,8.83333333333333,21.0833333333333
"1838",2021-04-30,4,8.91666666666667,21.6388888888889
"1839",2021-05-07,7,9.27777777777778,23.0277777777778
"1840",2021-05-14,13,9.94444444444444,25.2777777777778
"1841",2021-05-21,15,10.8333333333333,28.3333333333333
"1842",2021-05-28,11,12.0833333333333,32.2777777777778
"1843",2021-06-04,8,13.5555555555556,36.9166666666667
"1844",2021-06-11,8,15.3055555555556,42.0833333333333
"1845",2021-06-18,6,17.2222222222222,47.5
"1846",2021-06-25,5,19.3055555555556,53.1944444444444
"1847",2021-07-02,19,21.75,59.4444444444444
"1848",2021-07-09,16,24.2222222222222,65.8055555555556
"1849",2021-07-16,14,26.8055555555556,72.1944444444444
"1850",2021-07-23,4,29.3333333333333,78.2777777777778
"1851",2021-07-30,5,31.9444444444444,84.2222222222222
"1852",2021-08-06,19,34.3611111111111,89.4722222222222
"1853",2021-08-13,8,36.2777777777778,93.5
"1854",2021-08-20,9,37.9722222222222,96.4166666666667
"1855",2021-08-27,13,39.3888888888889,98.5277777777778
"1856",2021-09-03,9,40.5277777777778,100.222222222222
"1857",2021-09-10,6,41.3611111111111,101.388888888889
"1858",2021-09-17,10,41.8888888888889,101.888888888889
"1859",2021-09-24,13,42.25,102.111111111111
"1860",2021-10-01,7,42.3888888888889,102.138888888889
"1861",2021-10-08,14,42.0277777777778,101.333333333333
"1862",2021-10-15,12,41.3888888888889,99.6666666666667
"1863",2021-10-22,7,40.3888888888889,97.25
"1864",2021-10-29,10,39.3888888888889,94.75
"1865",2021-11-05,9,38.2222222222222,91.6666666666667
"1866",2021-11-12,8,36.6388888888889,87.8055555555556
"1867",2021-11-19,10,35.1944444444444,83.8333333333333
"1868",2021-11-26,16,33.6111111111111,79.6111111111111
"1869",2021-12-03,6,31.9444444444444,75.0833333333333
"1870",2021-12-10,15,30.0555555555556,70.2222222222222
"1871",2021-12-17,8,28.1944444444444,65.6111111111111
"1872",2021-12-24,6,26.7222222222222,61.6666666666667
"1873",2022-01-01,8,25.1944444444444,58.0555555555556
"1874",2022-01-08,13,23.8611111111111,54.8888888888889
"1875",2022-01-15,13,22.6388888888889,52.0555555555556
"1876",2022-01-22,5,21.5,49.3055555555556
"1877",2022-01-29,5,20.3611111111111,46.5555555555556
"1878",2022-02-05,13,19.0833333333333,43.5277777777778
"1879",2022-02-12,6,17.8888888888889,40.4722222222222
"1880",2022-02-19,5,16.5833333333333,37.2777777777778
"1881",2022-02-26,10,15.3333333333333,34.2222222222222
"1882",2022-03-05,6,14.0833333333333,31.4166666666667
"1883",2022-03-12,11,12.8888888888889,28.75
"1884",2022-03-19,7,11.7777777777778,26.4444444444444
"1885",2022-03-26,7,10.7222222222222,24.3611111111111
"1886",2022-04-02,6,9.88888888888889,22.7777777777778
"1887",2022-04-09,3,9.22222222222222,21.5833333333333
"1888",2022-04-16,9,8.80555555555556,20.8611111111111
"1889",2022-04-23,8,8.66666666666667,20.7777777777778
"1890",2022-04-30,3,8.80555555555556,21.3888888888889
"1891",2022-05-07,8,9.22222222222222,22.8333333333333
"1892",2022-05-14,4,9.91666666666667,25.0833333333333
"1893",2022-05-21,6,10.8055555555556,28.0833333333333
"1894",2022-05-28,5,12.0277777777778,31.9444444444444
"1895",2022-06-04,4,13.4722222222222,36.4722222222222
"1896",2022-06-11,2,15.1666666666667,41.5
"1897",2022-06-18,3,17,46.75
"1898",2022-06-25,3,18.9722222222222,52.25
"1899",2022-07-02,7,21.3333333333333,58.3055555555556
"1900",2022-07-09,5,23.6944444444444,64.4444444444444
"1901",2022-07-16,6,26.1388888888889,70.6111111111111
"1902",2022-07-23,8,28.5555555555556,76.4722222222222
"1903",2022-07-30,10,31.0833333333333,82.2222222222222
"1904",2022-08-06,9,33.4444444444444,87.3611111111111
"1905",2022-08-13,18,35.2777777777778,91.2777777777778
"1906",2022-08-20,18,36.9166666666667,94.1666666666667
"1907",2022-08-27,17,38.2777777777778,96.25
"1908",2022-09-03,29,39.3611111111111,97.9444444444444
"1909",2022-09-10,18,40.1388888888889,99.1111111111111
"1910",2022-09-17,36,40.6111111111111,99.5833333333333
"1911",2022-09-24,36,40.9722222222222,99.8333333333333
"1912",2022-10-01,47,41.1111111111111,99.8611111111111
"1913",2022-10-08,47,40.8055555555556,99.1111111111111
"1914",2022-10-15,48,40.2222222222222,97.5
"1915",2022-10-22,43,39.2777777777778,95.1388888888889
"1916",2022-10-29,55,38.3055555555556,92.6944444444445
"1917",2022-11-05,65,37.1666666666667,89.6666666666667
"1918",2022-11-12,62,35.6111111111111,85.8888888888889
"1919",2022-11-19,68,34.1666666666667,82
"1920",2022-11-26,64,32.5833333333333,77.8888888888889
"1921",2022-12-03,69,30.9166666666667,73.5
"1922",2022-12-10,46,29.1111111111111,68.8055555555555
"1923",2022-12-17,45,27.3055555555556,64.3333333333333
"1924",2022-12-24,26,25.8888888888889,60.5
"1925",2023-01-01,31,24.4444444444444,56.9722222222222
"1926",2023-01-08,37,23.1944444444444,53.8611111111111
"1927",2023-01-15,28,22.0833333333333,51.0555555555556
"1928",2023-01-22,24,21,48.3333333333333
"1929",2023-01-29,26,19.9166666666667,45.6111111111111
"1930",2023-02-05,24,18.7222222222222,42.6388888888889
"1931",2023-02-12,19,17.5833333333333,39.6666666666667
"1932",2023-02-19,16,16.3611111111111,36.5833333333333
"1933",2023-02-26,20,15.1666666666667,33.6666666666667
"1934",2023-03-05,12,13.9722222222222,30.9444444444444
"1935",2023-03-12,13,12.8333333333333,28.3611111111111
"1936",2023-03-19,15,11.75,26.1111111111111
"1937",2023-03-26,11,10.7222222222222,24.0555555555556
"1938",2023-04-02,7,9.88888888888889,22.4722222222222
"1939",2023-04-09,10,9.19444444444444,21.25
"1940",2023-04-16,5,8.75,20.5277777777778
"1941",2023-04-23,4,8.58333333333333,20.4444444444444
"1942",2023-04-30,7,8.69444444444445,21.0277777777778
"1943",2023-05-07,5,9.08333333333333,22.4166666666667
"1944",2023-05-14,8,9.72222222222222,24.5555555555556
"1945",2023-05-21,8,10.6111111111111,27.4166666666667
"1946",2023-05-28,9,11.8333333333333,31.1388888888889
"1947",2023-06-04,10,13.25,35.5277777777778
"1948",2023-06-11,15,14.9166666666667,40.4166666666667
"1949",2023-06-18,13,16.7222222222222,45.5277777777778
"1950",2023-06-25,3,18.6944444444444,50.9444444444444
"1951",2023-07-02,4,21,56.9166666666667
"1952",2023-07-09,14,23.3055555555556,62.9444444444444
"1953",2023-07-16,20,25.75,68.9722222222222
"1954",2023-07-23,17,28.1388888888889,74.7222222222222
"1955",2023-07-30,33,30.6388888888889,80.3888888888889
"1956",2023-08-06,40,32.9722222222222,85.4444444444445
"1957",2023-08-13,17,34.8333333333333,89.3333333333333
"1958",2023-08-20,14,36.5,92.25
"1959",2023-08-27,28,37.8888888888889,94.4166666666667
"1960",2023-09-03,34,39.0833333333333,96.2222222222222
"1961",2023-09-10,46,39.9722222222222,97.5277777777778
"1962",2023-09-17,34,40.5833333333333,98.1666666666667
"1963",2023-09-24,34,41.0555555555556,98.5833333333333
"1964",2023-10-01,34,41.3333333333333,98.7777777777778
"1965",2023-10-08,33,41.1388888888889,98.1944444444444
"1966",2023-10-15,34,40.6111111111111,96.75
"1967",2023-10-22,36,39.75,94.5833333333333
"1968",2023-10-29,36,38.8611111111111,92.3333333333333
"1969",2023-11-05,45,37.8055555555556,89.4722222222222
"1970",2023-11-12,47,36.3055555555556,85.8333333333333
"1971",2023-11-19,53,34.8888888888889,82.0277777777778
"1972",2023-11-26,42,33.3333333333333,77.9722222222222
"1973",2023-12-03,55,31.6666666666667,73.5555555555556
"1974",2023-12-10,56,29.8055555555556,68.8055555555555
"1975",2023-12-17,54,27.9444444444444,64.25
"1976",2023-12-24,49,26.4722222222222,60.3055555555556
"1977",2024-01-01,40,25,56.7222222222222
"1978",2024-01-08,49,23.6944444444444,53.5555555555556
"1979",2024-01-15,48,22.5,50.7222222222222
"1980",2024-01-22,61,21.3611111111111,47.9722222222222
"1981",2024-01-29,61,20.2222222222222,45.2777777777778
"1982",2024-02-05,63,18.9444444444444,42.3888888888889
"1983",2024-02-12,57,17.7222222222222,39.4722222222222
"1984",2024-02-19,51,16.4444444444444,36.4444444444444
"1985",2024-02-26,52,15.2222222222222,33.5833333333333
"1986",2024-03-04,66,14,30.9166666666667
"1987",2024-03-11,64,12.8333333333333,28.3611111111111
"1988",2024-03-18,52,11.75,26.1111111111111
"1989",2024-03-25,44,10.7222222222222,24.0555555555556
"1990",2024-04-01,73,9.88888888888889,22.4722222222222
"1991",2024-04-08,67,9.19444444444444,21.2222222222222
"1992",2024-04-15,66,8.75,20.4722222222222
"1993",2024-04-22,69,8.58333333333333,20.3611111111111
"1994",2024-04-29,53,8.69444444444445,20.9166666666667
"1995",2024-05-06,80,9.08333333333333,22.25
"1996",2024-05-13,71,9.72222222222222,24.3333333333333
"1997",2024-05-20,82,10.5833333333333,27.1666666666667
"1998",2024-05-27,115,11.75,30.8055555555556
"1999",2024-06-03,126,13.1111111111111,35.0833333333333
"2000",2024-06-10,86,14.7222222222222,39.8333333333333
"2001",2024-06-17,98,16.4444444444444,44.8333333333333
"2002",2024-06-24,118,18.3333333333333,50.1388888888889
"2003",2024-07-01,115,20.6111111111111,56
"2004",2024-07-08,155,22.9166666666667,62
"2005",2024-07-15,127,25.3333333333333,68
"2006",2024-07-22,169,27.6944444444444,73.75
"2007",2024-07-29,149,30.2222222222222,79.4166666666667
"2008",2024-08-05,151,32.5833333333333,84.4444444444444
"2009",2024-08-12,132,34.4444444444444,88.3055555555556
"2010",2024-08-19,167,36.1388888888889,91.1666666666667
"2011",2024-08-26,162,37.5833333333333,93.3333333333333
"2012",2024-09-02,148,38.8055555555556,95.1388888888889
"2013",2024-09-09,175,39.6944444444444,96.4444444444445
"2014",2024-09-16,174,40.3055555555556,97.1111111111111
"2015",2024-09-23,186,40.8055555555556,97.5555555555555
"2016",2024-09-30,211,41.0833333333333,97.8055555555556
"2017",2024-10-07,238,40.9166666666667,97.2777777777778
"2018",2024-10-14,215,40.4722222222222,95.9166666666667
"2019",2024-10-21,197,39.6944444444444,93.8333333333333
"2020",2024-10-28,183,38.9166666666667,91.6944444444445
"2021",2024-11-04,174,37.9444444444444,88.9722222222222
"2022",2024-11-11,171,36.5277777777778,85.4444444444444
"2023",2024-11-18,148,35.1944444444444,81.75
"2024",2024-11-25,114,33.6944444444444,77.7777777777778
"2025",2024-12-02,193,32.0833333333333,73.4722222222222
"2026",2024-12-09,162,30.2222222222222,68.8055555555555
"2027",2024-12-16,38,28.3333333333333,64.3055555555556
"2028",2024-12-23,NA,26.8333333333333,60.4166666666667
